Label,AllocatedBytes,GCs,LiveBytes,MaxBytes,MaxOSBytes,WallTime
"/Bench.Data.DeBruijn.Index/thin/[0,0]",16,0,496,0,0,2.964625000458909e-3
"/Bench.Data.DeBruijn.Index/thin/[0,5]",16,0,496,0,0,2.8307499997026753e-3
"/Bench.Data.DeBruijn.Index/thin/[0,10]",16,0,496,0,0,2.6140000009036157e-3
"/Bench.Data.DeBruijn.Index/thin/[0,15]",16,0,496,0,0,2.3827500008337665e-3
"/Bench.Data.DeBruijn.Index/thin/[0,20]",16,0,496,0,0,2.3077080004441086e-3
"/Bench.Data.DeBruijn.Index/thin/[0,25]",16,0,496,0,0,2.219165999122197e-3
"/Bench.Data.DeBruijn.Index/thin/[0,30]",16,0,496,0,0,2.1571670004050247e-3
"/Bench.Data.DeBruijn.Index/thin/[0,35]",16,0,496,0,0,2.1543749990087235e-3
"/Bench.Data.DeBruijn.Index/thin/[0,40]",16,0,496,0,0,2.135374999852502e-3
"/Bench.Data.DeBruijn.Index/thin/[0,45]",16,0,496,0,0,2.132333000190556e-3
"/Bench.Data.DeBruijn.Index/thin/[0,50]",16,0,496,0,0,2.150416999938898e-3
"/Bench.Data.DeBruijn.Index/thin/[0,55]",16,0,496,0,0,2.166374999433174e-3
"/Bench.Data.DeBruijn.Index/thin/[0,60]",16,0,496,0,0,2.1515839998755837e-3
"/Bench.Data.DeBruijn.Index/thin/[0,65]",16,0,496,0,0,2.291000000695931e-3
"/Bench.Data.DeBruijn.Index/thin/[0,70]",16,0,496,0,0,2.140250000593369e-3
"/Bench.Data.DeBruijn.Index/thin/[0,75]",16,0,496,0,0,2.155084001060459e-3
"/Bench.Data.DeBruijn.Index/thin/[0,80]",16,0,496,0,0,2.1754999997938285e-3
"/Bench.Data.DeBruijn.Index/thin/[0,85]",16,0,496,0,0,2.1821659993292997e-3
"/Bench.Data.DeBruijn.Index/thin/[0,90]",16,0,496,0,0,2.2040830008336343e-3
"/Bench.Data.DeBruijn.Index/thin/[0,95]",16,0,496,0,0,2.2067909994802903e-3
"/Bench.Data.DeBruijn.Index/thin/[0,100]",16,0,496,0,0,2.284416999827954e-3
"/Bench.Data.DeBruijn.Index/thin/[5,0]",0,0,480,0,0,2.2170000011101365e-3
"/Bench.Data.DeBruijn.Index/thin/[5,5]",256,0,576,0,0,2.206292001574184e-3
"/Bench.Data.DeBruijn.Index/thin/[5,10]",256,0,576,24,0,2.2310829990601633e-3
"/Bench.Data.DeBruijn.Index/thin/[5,15]",256,0,576,576,0,2.263833999677445e-3
"/Bench.Data.DeBruijn.Index/thin/[5,20]",256,0,576,576,0,2.2261670001171296e-3
"/Bench.Data.DeBruijn.Index/thin/[5,25]",256,0,576,576,0,2.2470000003522728e-3
"/Bench.Data.DeBruijn.Index/thin/[5,30]",256,0,576,576,0,2.218207999248989e-3
"/Bench.Data.DeBruijn.Index/thin/[5,35]",256,0,576,576,0,2.252207999845268e-3
"/Bench.Data.DeBruijn.Index/thin/[5,40]",256,0,576,576,0,2.270791999762878e-3
"/Bench.Data.DeBruijn.Index/thin/[5,45]",256,0,576,576,0,2.2304589983832557e-3
"/Bench.Data.DeBruijn.Index/thin/[5,50]",256,0,576,576,0,2.2394580009859055e-3
"/Bench.Data.DeBruijn.Index/thin/[5,55]",256,0,576,576,0,2.250750001621782e-3
"/Bench.Data.DeBruijn.Index/thin/[5,60]",256,0,576,576,0,2.2407500000554137e-3
"/Bench.Data.DeBruijn.Index/thin/[5,65]",256,0,576,576,0,2.2287499996309634e-3
"/Bench.Data.DeBruijn.Index/thin/[5,70]",256,0,576,576,0,2.2589170002902392e-3
"/Bench.Data.DeBruijn.Index/thin/[5,75]",256,0,576,576,0,2.234541998404893e-3
"/Bench.Data.DeBruijn.Index/thin/[5,80]",256,0,576,576,0,2.260416000353871e-3
"/Bench.Data.DeBruijn.Index/thin/[5,85]",256,0,576,576,0,2.2517919987876667e-3
"/Bench.Data.DeBruijn.Index/thin/[5,90]",256,0,576,576,0,2.2275829996942775e-3
"/Bench.Data.DeBruijn.Index/thin/[5,95]",256,0,576,576,0,2.22633399971528e-3
"/Bench.Data.DeBruijn.Index/thin/[5,100]",256,0,576,576,0,2.2556660005648155e-3
"/Bench.Data.DeBruijn.Index/thin/[10,0]",0,0,480,480,0,2.2255420008150395e-3
"/Bench.Data.DeBruijn.Index/thin/[10,5]",240,0,560,560,0,2.211290999184712e-3
"/Bench.Data.DeBruijn.Index/thin/[10,10]",496,0,656,656,0,2.2414579998439876e-3
"/Bench.Data.DeBruijn.Index/thin/[10,15]",496,0,656,656,0,2.244916000563535e-3
"/Bench.Data.DeBruijn.Index/thin/[10,20]",496,0,656,656,0,2.23770900083764e-3
"/Bench.Data.DeBruijn.Index/thin/[10,25]",496,0,656,656,0,2.2584999987884657e-3
"/Bench.Data.DeBruijn.Index/thin/[10,30]",496,0,656,656,0,2.2634580000158167e-3
"/Bench.Data.DeBruijn.Index/thin/[10,35]",496,0,656,656,0,2.2573749993171077e-3
"/Bench.Data.DeBruijn.Index/thin/[10,40]",496,0,656,656,0,2.2793330008425983e-3
"/Bench.Data.DeBruijn.Index/thin/[10,45]",496,0,656,656,0,2.301582999280072e-3
"/Bench.Data.DeBruijn.Index/thin/[10,50]",496,0,656,656,0,2.25108300037391e-3
"/Bench.Data.DeBruijn.Index/thin/[10,55]",496,0,656,656,0,2.275875000123051e-3
"/Bench.Data.DeBruijn.Index/thin/[10,60]",496,0,656,656,0,2.252000000225962e-3
"/Bench.Data.DeBruijn.Index/thin/[10,65]",496,0,656,656,0,2.2910420011612587e-3
"/Bench.Data.DeBruijn.Index/thin/[10,70]",496,0,656,656,0,2.3130409990699263e-3
"/Bench.Data.DeBruijn.Index/thin/[10,75]",496,0,656,656,0,2.293915998961893e-3
"/Bench.Data.DeBruijn.Index/thin/[10,80]",496,0,656,656,0,2.3031250002532033e-3
"/Bench.Data.DeBruijn.Index/thin/[10,85]",496,0,656,656,0,2.253250000649132e-3
"/Bench.Data.DeBruijn.Index/thin/[10,90]",496,0,656,656,0,2.2398750006686896e-3
"/Bench.Data.DeBruijn.Index/thin/[10,95]",496,0,656,656,0,2.2745829992345534e-3
"/Bench.Data.DeBruijn.Index/thin/[10,100]",496,0,656,656,0,2.342542000405956e-3
"/Bench.Data.DeBruijn.Index/thin/[15,0]",0,0,480,480,0,2.413166999758687e-3
"/Bench.Data.DeBruijn.Index/thin/[15,5]",240,0,560,560,0,2.231415999631281e-3
"/Bench.Data.DeBruijn.Index/thin/[15,10]",480,0,640,640,0,2.2195000001374865e-3
"/Bench.Data.DeBruijn.Index/thin/[15,15]",736,0,736,736,0,2.264249998916057e-3
"/Bench.Data.DeBruijn.Index/thin/[15,20]",736,0,736,736,0,2.3029160001897253e-3
"/Bench.Data.DeBruijn.Index/thin/[15,25]",736,0,736,736,0,2.3554580002382863e-3
"/Bench.Data.DeBruijn.Index/thin/[15,30]",736,0,736,736,0,2.205125001637498e-3
"/Bench.Data.DeBruijn.Index/thin/[15,35]",736,0,736,736,0,2.2278750002442393e-3
"/Bench.Data.DeBruijn.Index/thin/[15,40]",736,0,736,736,0,2.2105420011939714e-3
"/Bench.Data.DeBruijn.Index/thin/[15,45]",736,0,736,736,0,2.7009160003217403e-3
"/Bench.Data.DeBruijn.Index/thin/[15,50]",736,0,736,736,0,2.2343340006045764e-3
"/Bench.Data.DeBruijn.Index/thin/[15,55]",736,0,736,736,0,2.2349589999066666e-3
"/Bench.Data.DeBruijn.Index/thin/[15,60]",736,0,736,736,0,2.2348750007950002e-3
"/Bench.Data.DeBruijn.Index/thin/[15,65]",736,0,736,736,0,2.2507909998239484e-3
"/Bench.Data.DeBruijn.Index/thin/[15,70]",736,0,736,736,0,2.267249999931664e-3
"/Bench.Data.DeBruijn.Index/thin/[15,75]",736,0,736,736,0,2.2745829992345534e-3
"/Bench.Data.DeBruijn.Index/thin/[15,80]",736,0,736,736,0,2.285499998833984e-3
"/Bench.Data.DeBruijn.Index/thin/[15,85]",736,0,736,736,0,2.2639159997197567e-3
"/Bench.Data.DeBruijn.Index/thin/[15,90]",736,0,736,736,0,2.2498750004160684e-3
"/Bench.Data.DeBruijn.Index/thin/[15,95]",736,0,736,736,0,2.265916000396828e-3
"/Bench.Data.DeBruijn.Index/thin/[15,100]",736,0,736,736,0,2.2726669994881377e-3
"/Bench.Data.DeBruijn.Index/thin/[20,0]",0,0,480,480,0,2.276625000376953e-3
"/Bench.Data.DeBruijn.Index/thin/[20,5]",240,0,560,560,0,2.2659589994873386e-3
"/Bench.Data.DeBruijn.Index/thin/[20,10]",480,0,640,640,0,2.2752499990019714e-3
"/Bench.Data.DeBruijn.Index/thin/[20,15]",720,0,720,720,0,2.2700410008837935e-3
"/Bench.Data.DeBruijn.Index/thin/[20,20]",976,0,816,816,0,2.2897919989190996e-3
"/Bench.Data.DeBruijn.Index/thin/[20,25]",976,0,816,816,0,2.2431659999710973e-3
"/Bench.Data.DeBruijn.Index/thin/[20,30]",976,0,816,816,0,2.282540999658522e-3
"/Bench.Data.DeBruijn.Index/thin/[20,35]",976,0,816,816,0,2.2753329994884552e-3
"/Bench.Data.DeBruijn.Index/thin/[20,40]",976,0,816,816,0,2.2363339994626585e-3
"/Bench.Data.DeBruijn.Index/thin/[20,45]",976,0,816,816,0,2.291332999448059e-3
"/Bench.Data.DeBruijn.Index/thin/[20,50]",976,0,816,816,0,2.320083000086015e-3
"/Bench.Data.DeBruijn.Index/thin/[20,55]",976,0,816,816,0,2.2792920008214423e-3
"/Bench.Data.DeBruijn.Index/thin/[20,60]",976,0,816,816,0,2.328374999706284e-3
"/Bench.Data.DeBruijn.Index/thin/[20,65]",976,0,816,816,0,2.22508399929211e-3
"/Bench.Data.DeBruijn.Index/thin/[20,70]",976,0,816,816,0,2.298625000548782e-3
"/Bench.Data.DeBruijn.Index/thin/[20,75]",976,0,816,816,0,2.3457910010620253e-3
"/Bench.Data.DeBruijn.Index/thin/[20,80]",976,0,816,816,0,2.382999999099411e-3
"/Bench.Data.DeBruijn.Index/thin/[20,85]",976,0,816,816,0,2.2786250010540243e-3
"/Bench.Data.DeBruijn.Index/thin/[20,90]",976,0,816,816,0,2.352292000068701e-3
"/Bench.Data.DeBruijn.Index/thin/[20,95]",976,0,816,816,0,2.272374998938176e-3
"/Bench.Data.DeBruijn.Index/thin/[20,100]",976,0,816,816,0,2.2531669983436586e-3
"/Bench.Data.DeBruijn.Index/thin/[25,0]",0,0,480,480,0,2.247083999463939e-3
"/Bench.Data.DeBruijn.Index/thin/[25,5]",240,0,560,560,0,2.3099589998309966e-3
"/Bench.Data.DeBruijn.Index/thin/[25,10]",480,0,640,640,0,2.278667001519352e-3
"/Bench.Data.DeBruijn.Index/thin/[25,15]",720,0,720,720,0,2.277207999213715e-3
"/Bench.Data.DeBruijn.Index/thin/[25,20]",960,0,800,800,0,2.342875000977074e-3
"/Bench.Data.DeBruijn.Index/thin/[25,25]",1216,0,896,896,0,2.3439589986082865e-3
"/Bench.Data.DeBruijn.Index/thin/[25,30]",1216,0,896,896,0,2.3156250008469215e-3
"/Bench.Data.DeBruijn.Index/thin/[25,35]",1216,0,896,896,0,2.3192919998109573e-3
"/Bench.Data.DeBruijn.Index/thin/[25,40]",1216,0,896,896,0,2.3529170011897804e-3
"/Bench.Data.DeBruijn.Index/thin/[25,45]",1216,0,896,896,0,2.341416000490426e-3
"/Bench.Data.DeBruijn.Index/thin/[25,50]",1216,0,896,896,0,2.2486670004582265e-3
"/Bench.Data.DeBruijn.Index/thin/[25,55]",1216,0,896,896,0,2.3337080001510913e-3
"/Bench.Data.DeBruijn.Index/thin/[25,60]",1216,0,896,896,0,2.3280419991351664e-3
"/Bench.Data.DeBruijn.Index/thin/[25,65]",1216,0,896,896,0,2.325624998775311e-3
"/Bench.Data.DeBruijn.Index/thin/[25,70]",1216,0,896,896,0,2.31424999947194e-3
"/Bench.Data.DeBruijn.Index/thin/[25,75]",1216,0,896,896,0,2.309917001184658e-3
"/Bench.Data.DeBruijn.Index/thin/[25,80]",1216,0,896,896,0,2.2938750007597264e-3
"/Bench.Data.DeBruijn.Index/thin/[25,85]",1216,0,896,896,0,2.3552080001536524e-3
"/Bench.Data.DeBruijn.Index/thin/[25,90]",1216,0,896,896,0,2.377959001023555e-3
"/Bench.Data.DeBruijn.Index/thin/[25,95]",1216,0,896,896,0,2.482666001014877e-3
"/Bench.Data.DeBruijn.Index/thin/[25,100]",1216,0,896,896,0,2.460916000927682e-3
"/Bench.Data.DeBruijn.Index/thin/[30,0]",0,0,480,480,0,2.4297920008393703e-3
"/Bench.Data.DeBruijn.Index/thin/[30,5]",240,0,560,560,0,2.4120419984683394e-3
"/Bench.Data.DeBruijn.Index/thin/[30,10]",480,0,640,640,0,2.3975000003702007e-3
"/Bench.Data.DeBruijn.Index/thin/[30,15]",720,0,720,720,0,2.4024999984249007e-3
"/Bench.Data.DeBruijn.Index/thin/[30,20]",960,0,800,800,0,2.385374998993939e-3
"/Bench.Data.DeBruijn.Index/thin/[30,25]",1200,0,880,880,0,2.364957999816397e-3
"/Bench.Data.DeBruijn.Index/thin/[30,30]",1456,0,976,976,0,2.383291999649373e-3
"/Bench.Data.DeBruijn.Index/thin/[30,35]",1456,0,976,976,0,2.3898750005173497e-3
"/Bench.Data.DeBruijn.Index/thin/[30,40]",1456,0,976,976,0,2.363208001042949e-3
"/Bench.Data.DeBruijn.Index/thin/[30,45]",1456,0,976,976,0,2.3637089998373995e-3
"/Bench.Data.DeBruijn.Index/thin/[30,50]",1456,0,976,976,0,2.442082999550621e-3
"/Bench.Data.DeBruijn.Index/thin/[30,55]",1456,0,976,976,0,2.4278750006487826e-3
"/Bench.Data.DeBruijn.Index/thin/[30,60]",1456,0,976,976,0,2.465249999659136e-3
"/Bench.Data.DeBruijn.Index/thin/[30,65]",1456,0,976,976,0,2.4604999998700805e-3
"/Bench.Data.DeBruijn.Index/thin/[30,70]",1456,0,976,976,0,2.4165830000129063e-3
"/Bench.Data.DeBruijn.Index/thin/[30,75]",1456,0,976,976,0,2.4207090009440435e-3
"/Bench.Data.DeBruijn.Index/thin/[30,80]",1456,0,976,976,0,2.4209170005633496e-3
"/Bench.Data.DeBruijn.Index/thin/[30,85]",1456,0,976,976,0,2.410832999885315e-3
"/Bench.Data.DeBruijn.Index/thin/[30,90]",1456,0,976,976,0,2.4508750011591474e-3
"/Bench.Data.DeBruijn.Index/thin/[30,95]",1456,0,976,976,0,2.3794589997123694e-3
"/Bench.Data.DeBruijn.Index/thin/[30,100]",1456,0,976,976,0,2.386041998761357e-3
"/Bench.Data.DeBruijn.Index/thin/[35,0]",0,0,480,480,0,2.4518749996786937e-3
"/Bench.Data.DeBruijn.Index/thin/[35,5]",240,0,560,560,0,2.4804590011626715e-3
"/Bench.Data.DeBruijn.Index/thin/[35,10]",480,0,640,640,0,2.448334000291652e-3
"/Bench.Data.DeBruijn.Index/thin/[35,15]",720,0,720,720,0,2.3934999990160577e-3
"/Bench.Data.DeBruijn.Index/thin/[35,20]",960,0,800,800,0,2.4080000002868474e-3
"/Bench.Data.DeBruijn.Index/thin/[35,25]",1200,0,880,880,0,2.4100830014504027e-3
"/Bench.Data.DeBruijn.Index/thin/[35,30]",1440,0,960,960,0,2.452625001751585e-3
"/Bench.Data.DeBruijn.Index/thin/[35,35]",1696,0,1056,1056,0,2.491167000698624e-3
"/Bench.Data.DeBruijn.Index/thin/[35,40]",1696,0,1056,1056,0,2.4098329995467793e-3
"/Bench.Data.DeBruijn.Index/thin/[35,45]",1696,0,1056,1056,0,2.370584001255338e-3
"/Bench.Data.DeBruijn.Index/thin/[35,50]",1696,0,1056,1056,0,2.4003329999686684e-3
"/Bench.Data.DeBruijn.Index/thin/[35,55]",1696,0,1056,1056,0,2.378500001213979e-3
"/Bench.Data.DeBruijn.Index/thin/[35,60]",1696,0,1056,1056,0,2.4547499997424893e-3
"/Bench.Data.DeBruijn.Index/thin/[35,65]",1696,0,1056,1056,0,2.407791998848552e-3
"/Bench.Data.DeBruijn.Index/thin/[35,70]",1696,0,1056,1056,0,2.4150419994839467e-3
"/Bench.Data.DeBruijn.Index/thin/[35,75]",1696,0,1056,1056,0,2.4091249997582054e-3
"/Bench.Data.DeBruijn.Index/thin/[35,80]",1696,0,1056,1056,0,2.433749999909196e-3
"/Bench.Data.DeBruijn.Index/thin/[35,85]",1696,0,1056,1056,0,2.446292000968242e-3
"/Bench.Data.DeBruijn.Index/thin/[35,90]",1696,0,1056,1056,0,2.4107499993988313e-3
"/Bench.Data.DeBruijn.Index/thin/[35,95]",1696,0,1056,1056,0,2.5496250000287546e-3
"/Bench.Data.DeBruijn.Index/thin/[35,100]",1696,0,1056,1056,0,2.4811670009512454e-3
"/Bench.Data.DeBruijn.Index/thin/[40,0]",0,0,480,480,0,2.426375000140979e-3
"/Bench.Data.DeBruijn.Index/thin/[40,5]",240,0,560,560,0,2.4764169993432006e-3
"/Bench.Data.DeBruijn.Index/thin/[40,10]",480,0,640,640,0,2.40716599910229e-3
"/Bench.Data.DeBruijn.Index/thin/[40,15]",720,0,720,720,0,2.4991249993036035e-3
"/Bench.Data.DeBruijn.Index/thin/[40,20]",960,0,800,800,0,2.452125001582317e-3
"/Bench.Data.DeBruijn.Index/thin/[40,25]",1200,0,880,880,0,2.4688339999556774e-3
"/Bench.Data.DeBruijn.Index/thin/[40,30]",1440,0,960,960,0,2.470375000484637e-3
"/Bench.Data.DeBruijn.Index/thin/[40,35]",1680,0,1040,1040,0,2.419624999674852e-3
"/Bench.Data.DeBruijn.Index/thin/[40,40]",1936,0,1136,1136,0,2.5012499991134973e-3
"/Bench.Data.DeBruijn.Index/thin/[40,45]",1936,0,1136,1136,0,2.451374999509426e-3
"/Bench.Data.DeBruijn.Index/thin/[40,50]",1936,0,1136,1136,0,2.452583001286257e-3
"/Bench.Data.DeBruijn.Index/thin/[40,55]",1936,0,1136,1136,0,2.4632919994473923e-3
"/Bench.Data.DeBruijn.Index/thin/[40,60]",1936,0,1136,1136,0,2.458334000039031e-3
"/Bench.Data.DeBruijn.Index/thin/[40,65]",1936,0,1136,1136,0,2.419207999992068e-3
"/Bench.Data.DeBruijn.Index/thin/[40,70]",1936,0,1136,1136,0,2.418542000668822e-3
"/Bench.Data.DeBruijn.Index/thin/[40,75]",1936,0,1136,1136,0,2.4825830005283933e-3
"/Bench.Data.DeBruijn.Index/thin/[40,80]",1936,0,1136,1136,0,2.4651249987073243e-3
"/Bench.Data.DeBruijn.Index/thin/[40,85]",1936,0,1136,1136,0,2.4519580001651775e-3
"/Bench.Data.DeBruijn.Index/thin/[40,90]",1936,0,1136,1136,0,2.502291999917361e-3
"/Bench.Data.DeBruijn.Index/thin/[40,95]",1936,0,1136,1136,0,2.442249999148771e-3
"/Bench.Data.DeBruijn.Index/thin/[40,100]",1936,0,1136,1136,0,2.482624999174732e-3
"/Bench.Data.DeBruijn.Index/thin/[45,0]",0,0,480,480,0,2.4515000004612375e-3
"/Bench.Data.DeBruijn.Index/thin/[45,5]",240,0,560,560,0,2.422916000796249e-3
"/Bench.Data.DeBruijn.Index/thin/[45,10]",480,0,640,640,0,2.4253330011561047e-3
"/Bench.Data.DeBruijn.Index/thin/[45,15]",720,0,720,720,0,2.444208001179504e-3
"/Bench.Data.DeBruijn.Index/thin/[45,20]",960,0,800,800,0,2.4367080004594754e-3
"/Bench.Data.DeBruijn.Index/thin/[45,25]",1200,0,880,880,0,2.470625000569271e-3
"/Bench.Data.DeBruijn.Index/thin/[45,30]",1440,0,960,960,0,2.4517500005458714e-3
"/Bench.Data.DeBruijn.Index/thin/[45,35]",1680,0,1040,1040,0,2.4400829988735495e-3
"/Bench.Data.DeBruijn.Index/thin/[45,40]",1920,0,1120,1120,0,2.456958000038867e-3
"/Bench.Data.DeBruijn.Index/thin/[45,45]",2176,0,1216,1216,0,2.4534999993193196e-3
"/Bench.Data.DeBruijn.Index/thin/[45,50]",2176,0,1216,1216,0,2.4762499997450504e-3
"/Bench.Data.DeBruijn.Index/thin/[45,55]",2176,0,1216,1216,0,2.4674579999555135e-3
"/Bench.Data.DeBruijn.Index/thin/[45,60]",2176,0,1216,1216,0,2.4812080009724014e-3
"/Bench.Data.DeBruijn.Index/thin/[45,65]",2176,0,1216,1216,0,2.439125000819331e-3
"/Bench.Data.DeBruijn.Index/thin/[45,70]",2176,0,1216,1216,0,2.509750000172062e-3
"/Bench.Data.DeBruijn.Index/thin/[45,75]",2176,0,1216,1216,0,2.4825000000419095e-3
"/Bench.Data.DeBruijn.Index/thin/[45,80]",2176,0,1216,1216,0,2.446541000608704e-3
"/Bench.Data.DeBruijn.Index/thin/[45,85]",2176,0,1216,1216,0,2.486290999513585e-3
"/Bench.Data.DeBruijn.Index/thin/[45,90]",2176,0,1216,1216,0,2.454625000609667e-3
"/Bench.Data.DeBruijn.Index/thin/[45,95]",2176,0,1216,1216,0,2.4627909988339525e-3
"/Bench.Data.DeBruijn.Index/thin/[45,100]",2176,0,1216,1216,0,2.473833999829367e-3
"/Bench.Data.DeBruijn.Index/thin/[50,0]",0,0,480,480,0,2.456166999763809e-3
"/Bench.Data.DeBruijn.Index/thin/[50,5]",240,0,560,560,0,2.4893749996408587e-3
"/Bench.Data.DeBruijn.Index/thin/[50,10]",480,0,640,640,0,2.4515000004612375e-3
"/Bench.Data.DeBruijn.Index/thin/[50,15]",720,0,720,720,0,2.4362500007555354e-3
"/Bench.Data.DeBruijn.Index/thin/[50,20]",960,0,800,800,0,2.4736659997870447e-3
"/Bench.Data.DeBruijn.Index/thin/[50,25]",1200,0,880,880,0,2.4394169995503034e-3
"/Bench.Data.DeBruijn.Index/thin/[50,30]",1440,0,960,960,0,2.511082999262726e-3
"/Bench.Data.DeBruijn.Index/thin/[50,35]",1680,0,1040,1040,0,2.46316700031457e-3
"/Bench.Data.DeBruijn.Index/thin/[50,40]",1920,0,1120,1120,0,2.4749999993218808e-3
"/Bench.Data.DeBruijn.Index/thin/[50,45]",2160,0,1200,1200,0,2.4936249992606463e-3
"/Bench.Data.DeBruijn.Index/thin/[50,50]",2416,0,1296,1296,0,2.6026670002465835e-3
"/Bench.Data.DeBruijn.Index/thin/[50,55]",2416,0,1296,1296,0,2.455625000948203e-3
"/Bench.Data.DeBruijn.Index/thin/[50,60]",2416,0,1296,1296,0,2.4970419999590376e-3
"/Bench.Data.DeBruijn.Index/thin/[50,65]",2416,0,1296,1296,0,2.469750001182547e-3
"/Bench.Data.DeBruijn.Index/thin/[50,70]",2416,0,1296,1296,0,2.4901670003600884e-3
"/Bench.Data.DeBruijn.Index/thin/[50,75]",2416,0,1296,1296,0,2.5080000013986137e-3
"/Bench.Data.DeBruijn.Index/thin/[50,80]",2416,0,1296,1296,0,2.507167000658228e-3
"/Bench.Data.DeBruijn.Index/thin/[50,85]",2416,0,1296,1296,0,2.4774159992375644e-3
"/Bench.Data.DeBruijn.Index/thin/[50,90]",2416,0,1296,1296,0,2.4677090004843194e-3
"/Bench.Data.DeBruijn.Index/thin/[50,95]",2416,0,1296,1296,0,2.4734580001677386e-3
"/Bench.Data.DeBruijn.Index/thin/[50,100]",2416,0,1296,1296,0,2.395290999629651e-3
"/Bench.Data.DeBruijn.Index/thin/[55,0]",0,0,480,480,0,2.5452499994571554e-3
"/Bench.Data.DeBruijn.Index/thin/[55,5]",240,0,560,560,0,2.6350829994044034e-3
"/Bench.Data.DeBruijn.Index/thin/[55,10]",480,0,640,640,0,2.6041250002890592e-3
"/Bench.Data.DeBruijn.Index/thin/[55,15]",720,0,720,720,0,2.531083000576473e-3
"/Bench.Data.DeBruijn.Index/thin/[55,20]",960,0,800,800,0,2.556833998824004e-3
"/Bench.Data.DeBruijn.Index/thin/[55,25]",1200,0,880,880,0,2.590707999843289e-3
"/Bench.Data.DeBruijn.Index/thin/[55,30]",1440,0,960,960,0,2.498583000487997e-3
"/Bench.Data.DeBruijn.Index/thin/[55,35]",1680,0,1040,1040,0,2.4884590002329787e-3
"/Bench.Data.DeBruijn.Index/thin/[55,40]",1920,0,1120,1120,0,2.503207999325241e-3
"/Bench.Data.DeBruijn.Index/thin/[55,45]",2160,0,1200,1200,0,2.4792909989628242e-3
"/Bench.Data.DeBruijn.Index/thin/[55,50]",2400,0,1280,1280,0,2.5266250013373792e-3
"/Bench.Data.DeBruijn.Index/thin/[55,55]",2656,0,1376,1376,0,2.5823749983828748e-3
"/Bench.Data.DeBruijn.Index/thin/[55,60]",2656,0,1376,1376,0,2.5340829997730907e-3
"/Bench.Data.DeBruijn.Index/thin/[55,65]",2656,0,1376,1376,0,2.573875000962289e-3
"/Bench.Data.DeBruijn.Index/thin/[55,70]",2656,0,1376,1376,0,2.5876250001601875e-3
"/Bench.Data.DeBruijn.Index/thin/[55,75]",2656,0,1376,1376,0,2.577082999778213e-3
"/Bench.Data.DeBruijn.Index/thin/[55,80]",2656,0,1376,1376,0,2.546333000282175e-3
"/Bench.Data.DeBruijn.Index/thin/[55,85]",2656,0,1376,1376,0,2.514792000511079e-3
"/Bench.Data.DeBruijn.Index/thin/[55,90]",2656,0,1376,1376,0,2.599249999548192e-3
"/Bench.Data.DeBruijn.Index/thin/[55,95]",2656,0,1376,1376,0,2.545625000493601e-3
"/Bench.Data.DeBruijn.Index/thin/[55,100]",2656,0,1376,1376,0,2.668791999894893e-3
"/Bench.Data.DeBruijn.Index/thin/[60,0]",0,0,480,480,0,2.5922920012817485e-3
"/Bench.Data.DeBruijn.Index/thin/[60,5]",240,0,560,560,0,2.508333000150742e-3
"/Bench.Data.DeBruijn.Index/thin/[60,10]",480,0,640,640,0,2.5666669989732327e-3
"/Bench.Data.DeBruijn.Index/thin/[60,15]",720,0,720,720,0,2.5264579999202397e-3
"/Bench.Data.DeBruijn.Index/thin/[60,20]",960,0,800,800,0,2.534499999455875e-3
"/Bench.Data.DeBruijn.Index/thin/[60,25]",1200,0,880,880,0,2.5911660013662186e-3
"/Bench.Data.DeBruijn.Index/thin/[60,30]",1440,0,960,960,0,2.556916999310488e-3
"/Bench.Data.DeBruijn.Index/thin/[60,35]",1680,0,1040,1040,0,2.585624999483116e-3
"/Bench.Data.DeBruijn.Index/thin/[60,40]",1920,0,1120,1120,0,2.5407080011063954e-3
"/Bench.Data.DeBruijn.Index/thin/[60,45]",2160,0,1200,1200,0,2.4911250002332963e-3
"/Bench.Data.DeBruijn.Index/thin/[60,50]",2400,0,1280,1280,0,2.4959170004876796e-3
"/Bench.Data.DeBruijn.Index/thin/[60,55]",2640,0,1360,1360,0,2.5100410002778517e-3
"/Bench.Data.DeBruijn.Index/thin/[60,60]",2896,0,1456,1456,0,2.5635830006649485e-3
"/Bench.Data.DeBruijn.Index/thin/[60,65]",2896,0,1456,1456,0,2.5507919999654405e-3
"/Bench.Data.DeBruijn.Index/thin/[60,70]",2896,0,1456,1456,0,2.508249999664258e-3
"/Bench.Data.DeBruijn.Index/thin/[60,75]",2896,0,1456,1456,0,2.563416999691981e-3
"/Bench.Data.DeBruijn.Index/thin/[60,80]",2896,0,1456,1456,0,2.5686250010039657e-3
"/Bench.Data.DeBruijn.Index/thin/[60,85]",2896,0,1456,1456,0,2.5283329996454995e-3
"/Bench.Data.DeBruijn.Index/thin/[60,90]",2896,0,1456,1456,0,2.5334590009151725e-3
"/Bench.Data.DeBruijn.Index/thin/[60,95]",2896,0,1456,1456,0,2.5277500008087372e-3
"/Bench.Data.DeBruijn.Index/thin/[60,100]",2896,0,1456,1456,0,2.531042000555317e-3
"/Bench.Data.DeBruijn.Index/thin/[65,0]",0,0,480,480,0,2.5148749991785735e-3
"/Bench.Data.DeBruijn.Index/thin/[65,5]",240,0,560,560,0,2.5271670001529856e-3
"/Bench.Data.DeBruijn.Index/thin/[65,10]",480,0,640,640,0,2.521292000892572e-3
"/Bench.Data.DeBruijn.Index/thin/[65,15]",720,0,720,720,0,2.526875001422013e-3
"/Bench.Data.DeBruijn.Index/thin/[65,20]",960,0,800,800,0,2.539999999498832e-3
"/Bench.Data.DeBruijn.Index/thin/[65,25]",1200,0,880,880,0,2.527833001295221e-3
"/Bench.Data.DeBruijn.Index/thin/[65,30]",1440,0,960,960,0,2.5299579992861254e-3
"/Bench.Data.DeBruijn.Index/thin/[65,35]",1680,0,1040,1040,0,2.4802090010780375e-3
"/Bench.Data.DeBruijn.Index/thin/[65,40]",1920,0,1120,1120,0,2.538041000661906e-3
"/Bench.Data.DeBruijn.Index/thin/[65,45]",2160,0,1200,1200,0,2.5459590015088907e-3
"/Bench.Data.DeBruijn.Index/thin/[65,50]",2400,0,1280,1280,0,2.5120419995801058e-3
"/Bench.Data.DeBruijn.Index/thin/[65,55]",2640,0,1360,1360,0,2.535458001148072e-3
"/Bench.Data.DeBruijn.Index/thin/[65,60]",2880,0,1440,1440,0,2.5212910004484e-3
"/Bench.Data.DeBruijn.Index/thin/[65,65]",3136,0,1536,1536,0,2.5350420000904705e-3
"/Bench.Data.DeBruijn.Index/thin/[65,70]",3136,0,1536,1536,0,2.536084000894334e-3
"/Bench.Data.DeBruijn.Index/thin/[65,75]",3136,0,1536,1536,0,2.636832999996841e-3
"/Bench.Data.DeBruijn.Index/thin/[65,80]",3136,0,1536,1536,0,2.6151250003749738e-3
"/Bench.Data.DeBruijn.Index/thin/[65,85]",3136,0,1536,1536,0,2.6042499994218815e-3
"/Bench.Data.DeBruijn.Index/thin/[65,90]",3136,0,1536,1536,0,2.589833000456565e-3
"/Bench.Data.DeBruijn.Index/thin/[65,95]",3136,0,1536,1536,0,2.5959579998016125e-3
"/Bench.Data.DeBruijn.Index/thin/[65,100]",3136,0,1536,1536,0,2.5715000010677613e-3
"/Bench.Data.DeBruijn.Index/thin/[70,0]",0,0,480,480,0,2.6719170000433223e-3
"/Bench.Data.DeBruijn.Index/thin/[70,5]",240,0,560,560,0,2.5888330001180293e-3
"/Bench.Data.DeBruijn.Index/thin/[70,10]",480,0,640,640,0,2.5720840003486956e-3
"/Bench.Data.DeBruijn.Index/thin/[70,15]",720,0,720,720,0,2.6128749996132683e-3
"/Bench.Data.DeBruijn.Index/thin/[70,20]",960,0,800,800,0,2.674625000508968e-3
"/Bench.Data.DeBruijn.Index/thin/[70,25]",1200,0,880,880,0,2.6765000002342276e-3
"/Bench.Data.DeBruijn.Index/thin/[70,30]",1440,0,960,960,0,2.607417000035639e-3
"/Bench.Data.DeBruijn.Index/thin/[70,35]",1680,0,1040,1040,0,2.6133329993172083e-3
"/Bench.Data.DeBruijn.Index/thin/[70,40]",1920,0,1120,1120,0,2.5586249994375976e-3
"/Bench.Data.DeBruijn.Index/thin/[70,45]",2160,0,1200,1200,0,2.5635830006649485e-3
"/Bench.Data.DeBruijn.Index/thin/[70,50]",2400,0,1280,1280,0,2.7247079997323453e-3
"/Bench.Data.DeBruijn.Index/thin/[70,55]",2640,0,1360,1360,0,2.619000000777305e-3
"/Bench.Data.DeBruijn.Index/thin/[70,60]",2880,0,1440,1440,0,2.564124999480555e-3
"/Bench.Data.DeBruijn.Index/thin/[70,65]",3120,0,1520,1520,0,2.569457999925362e-3
"/Bench.Data.DeBruijn.Index/thin/[70,70]",3376,0,1616,1616,0,2.57104099910066e-3
"/Bench.Data.DeBruijn.Index/thin/[70,75]",3376,0,1616,1616,0,2.5827079989539925e-3
"/Bench.Data.DeBruijn.Index/thin/[70,80]",3376,0,1616,1616,0,2.5581669997336576e-3
"/Bench.Data.DeBruijn.Index/thin/[70,85]",3376,0,1616,1616,0,2.629167000122834e-3
"/Bench.Data.DeBruijn.Index/thin/[70,90]",3376,0,1616,1616,0,2.6114169995707925e-3
"/Bench.Data.DeBruijn.Index/thin/[70,95]",3376,0,1616,1616,0,2.576832999693579e-3
"/Bench.Data.DeBruijn.Index/thin/[70,100]",3376,0,1616,1616,0,2.5830409995251102e-3
"/Bench.Data.DeBruijn.Index/thin/[75,0]",0,0,480,480,0,2.581458000349812e-3
"/Bench.Data.DeBruijn.Index/thin/[75,5]",240,0,560,560,0,2.552709000156028e-3
"/Bench.Data.DeBruijn.Index/thin/[75,10]",480,0,640,640,0,2.5431249996472616e-3
"/Bench.Data.DeBruijn.Index/thin/[75,15]",720,0,720,720,0,2.5724999995873077e-3
"/Bench.Data.DeBruijn.Index/thin/[75,20]",960,0,800,800,0,2.46316700031457e-3
"/Bench.Data.DeBruijn.Index/thin/[75,25]",1200,0,880,880,0,2.6328330004616873e-3
"/Bench.Data.DeBruijn.Index/thin/[75,30]",1440,0,960,960,0,2.5704580002638977e-3
"/Bench.Data.DeBruijn.Index/thin/[75,35]",1680,0,1040,1040,0,2.553709000494564e-3
"/Bench.Data.DeBruijn.Index/thin/[75,40]",1920,0,1120,1120,0,2.5633750010456424e-3
"/Bench.Data.DeBruijn.Index/thin/[75,45]",2160,0,1200,1200,0,2.5794579996727407e-3
"/Bench.Data.DeBruijn.Index/thin/[75,50]",2400,0,1280,1280,0,2.560250000897213e-3
"/Bench.Data.DeBruijn.Index/thin/[75,55]",2640,0,1360,1360,0,2.6435829986439785e-3
"/Bench.Data.DeBruijn.Index/thin/[75,60]",2880,0,1440,1440,0,2.5885840004775673e-3
"/Bench.Data.DeBruijn.Index/thin/[75,65]",3120,0,1520,1520,0,2.6019169999926817e-3
"/Bench.Data.DeBruijn.Index/thin/[75,70]",3360,0,1600,1600,0,2.6100420000148006e-3
"/Bench.Data.DeBruijn.Index/thin/[75,75]",3616,0,1696,1696,0,2.6167500000155997e-3
"/Bench.Data.DeBruijn.Index/thin/[75,80]",3616,0,1696,1696,0,2.5796250010898802e-3
"/Bench.Data.DeBruijn.Index/thin/[75,85]",3616,0,1696,1696,0,2.592957998786005e-3
"/Bench.Data.DeBruijn.Index/thin/[75,90]",3616,0,1696,1696,0,2.5660409992269706e-3
"/Bench.Data.DeBruijn.Index/thin/[75,95]",3616,0,1696,1696,0,2.5500840001768665e-3
"/Bench.Data.DeBruijn.Index/thin/[75,100]",3616,0,1696,1696,0,2.6450830009707715e-3
"/Bench.Data.DeBruijn.Index/thin/[80,0]",0,0,480,480,0,2.5394580006832257e-3
"/Bench.Data.DeBruijn.Index/thin/[80,5]",240,0,560,560,0,2.5715829997352557e-3
"/Bench.Data.DeBruijn.Index/thin/[80,10]",480,0,640,640,0,2.5727079992066137e-3
"/Bench.Data.DeBruijn.Index/thin/[80,15]",720,0,720,720,0,2.5359579994983505e-3
"/Bench.Data.DeBruijn.Index/thin/[80,20]",960,0,800,800,0,2.6706669996201526e-3
"/Bench.Data.DeBruijn.Index/thin/[80,25]",1200,0,880,880,0,2.5617090013838606e-3
"/Bench.Data.DeBruijn.Index/thin/[80,30]",1440,0,960,960,0,2.6009160010289634e-3
"/Bench.Data.DeBruijn.Index/thin/[80,35]",1680,0,1040,1040,0,2.6066249993164092e-3
"/Bench.Data.DeBruijn.Index/thin/[80,40]",1920,0,1120,1120,0,2.5920420011971146e-3
"/Bench.Data.DeBruijn.Index/thin/[80,45]",2160,0,1200,1200,0,2.5822920015343698e-3
"/Bench.Data.DeBruijn.Index/thin/[80,50]",2400,0,1280,1280,0,2.7287920001981547e-3
"/Bench.Data.DeBruijn.Index/thin/[80,55]",2640,0,1360,1360,0,2.608708999105147e-3
"/Bench.Data.DeBruijn.Index/thin/[80,60]",2880,0,1440,1440,0,2.6156660005653976e-3
"/Bench.Data.DeBruijn.Index/thin/[80,65]",3120,0,1520,1520,0,2.6721659996837843e-3
"/Bench.Data.DeBruijn.Index/thin/[80,70]",3360,0,1600,1600,0,2.659499999936088e-3
"/Bench.Data.DeBruijn.Index/thin/[80,75]",3600,0,1680,1680,0,2.6817919988388894e-3
"/Bench.Data.DeBruijn.Index/thin/[80,80]",3856,0,1776,1776,0,2.610666000691708e-3
"/Bench.Data.DeBruijn.Index/thin/[80,85]",3856,0,1776,1776,0,2.614999999423162e-3
"/Bench.Data.DeBruijn.Index/thin/[80,90]",3856,0,1776,1776,0,2.616207999381004e-3
"/Bench.Data.DeBruijn.Index/thin/[80,95]",3856,0,1776,1776,0,2.6302500009478536e-3
"/Bench.Data.DeBruijn.Index/thin/[80,100]",3856,0,1776,1776,0,2.605583000331535e-3
"/Bench.Data.DeBruijn.Index/thin/[85,0]",0,0,480,480,0,2.609666998978355e-3
"/Bench.Data.DeBruijn.Index/thin/[85,5]",240,0,560,560,0,2.6114169995707925e-3
"/Bench.Data.DeBruijn.Index/thin/[85,10]",480,0,640,640,0,2.667082999323611e-3
"/Bench.Data.DeBruijn.Index/thin/[85,15]",720,0,720,720,0,2.673334000064642e-3
"/Bench.Data.DeBruijn.Index/thin/[85,20]",960,0,800,800,0,2.66116599959787e-3
"/Bench.Data.DeBruijn.Index/thin/[85,25]",1200,0,880,880,0,2.6612500005285256e-3
"/Bench.Data.DeBruijn.Index/thin/[85,30]",1440,0,960,960,0,2.6517910009715706e-3
"/Bench.Data.DeBruijn.Index/thin/[85,35]",1680,0,1040,1040,0,2.6410840000608005e-3
"/Bench.Data.DeBruijn.Index/thin/[85,40]",1920,0,1120,1120,0,2.636790999531513e-3
"/Bench.Data.DeBruijn.Index/thin/[85,45]",2160,0,1200,1200,0,2.625292001539492e-3
"/Bench.Data.DeBruijn.Index/thin/[85,50]",2400,0,1280,1280,0,2.6339590003772173e-3
"/Bench.Data.DeBruijn.Index/thin/[85,55]",2640,0,1360,1360,0,2.660624999407446e-3
"/Bench.Data.DeBruijn.Index/thin/[85,60]",2880,0,1440,1440,0,2.677749998838408e-3
"/Bench.Data.DeBruijn.Index/thin/[85,65]",3120,0,1520,1520,0,2.7232499996898696e-3
"/Bench.Data.DeBruijn.Index/thin/[85,70]",3360,0,1600,1600,0,2.8297919998294674e-3
"/Bench.Data.DeBruijn.Index/thin/[85,75]",3600,0,1680,1680,0,2.6554579999356065e-3
"/Bench.Data.DeBruijn.Index/thin/[85,80]",3840,0,1760,1760,0,2.6407080003991723e-3
"/Bench.Data.DeBruijn.Index/thin/[85,85]",4096,0,1856,1856,0,2.6533340005698847e-3
"/Bench.Data.DeBruijn.Index/thin/[85,90]",4096,0,1856,1856,0,2.660665999428602e-3
"/Bench.Data.DeBruijn.Index/thin/[85,95]",4096,0,1856,1856,0,2.6470829998288536e-3
"/Bench.Data.DeBruijn.Index/thin/[85,100]",4096,0,1856,1856,0,2.635291000842699e-3
"/Bench.Data.DeBruijn.Index/thin/[90,0]",0,0,480,480,0,2.643084000737872e-3
"/Bench.Data.DeBruijn.Index/thin/[90,5]",240,0,560,560,0,2.64512499961711e-3
"/Bench.Data.DeBruijn.Index/thin/[90,10]",480,0,640,640,0,2.7531670002645114e-3
"/Bench.Data.DeBruijn.Index/thin/[90,15]",720,0,720,720,0,2.663917000973015e-3
"/Bench.Data.DeBruijn.Index/thin/[90,20]",960,0,800,800,0,2.6187080002273433e-3
"/Bench.Data.DeBruijn.Index/thin/[90,25]",1200,0,880,880,0,2.7530829993338557e-3
"/Bench.Data.DeBruijn.Index/thin/[90,30]",1440,0,960,960,0,2.64404200061108e-3
"/Bench.Data.DeBruijn.Index/thin/[90,35]",1680,0,1040,1040,0,2.6119169997400604e-3
"/Bench.Data.DeBruijn.Index/thin/[90,40]",1920,0,1120,1120,0,2.645332999236416e-3
"/Bench.Data.DeBruijn.Index/thin/[90,45]",2160,0,1200,1200,0,2.5867500007734634e-3
"/Bench.Data.DeBruijn.Index/thin/[90,50]",2400,0,1280,1280,0,2.6409160000184784e-3
"/Bench.Data.DeBruijn.Index/thin/[90,55]",2640,0,1360,1360,0,2.6347499988332856e-3
"/Bench.Data.DeBruijn.Index/thin/[90,60]",2880,0,1440,1440,0,2.650542000992573e-3
"/Bench.Data.DeBruijn.Index/thin/[90,65]",3120,0,1520,1520,0,2.675624999028514e-3
"/Bench.Data.DeBruijn.Index/thin/[90,70]",3360,0,1600,1600,0,2.6439170014782576e-3
"/Bench.Data.DeBruijn.Index/thin/[90,75]",3600,0,1680,1680,0,2.6102920000994345e-3
"/Bench.Data.DeBruijn.Index/thin/[90,80]",3840,0,1760,1760,0,2.6869579996855464e-3
"/Bench.Data.DeBruijn.Index/thin/[90,85]",4080,0,1840,1840,0,2.7154590006830404e-3
"/Bench.Data.DeBruijn.Index/thin/[90,90]",4336,0,1936,1936,0,2.7006670006812783e-3
"/Bench.Data.DeBruijn.Index/thin/[90,95]",4336,0,1936,1936,0,2.6392500003566965e-3
"/Bench.Data.DeBruijn.Index/thin/[90,100]",4336,0,1936,1936,0,2.6515419995121192e-3
"/Bench.Data.DeBruijn.Index/thin/[95,0]",0,0,480,480,0,2.694542001336231e-3
"/Bench.Data.DeBruijn.Index/thin/[95,5]",240,0,560,560,0,2.6485409998713294e-3
"/Bench.Data.DeBruijn.Index/thin/[95,10]",480,0,640,640,0,2.649166000992409e-3
"/Bench.Data.DeBruijn.Index/thin/[95,15]",720,0,720,720,0,2.6615420010784874e-3
"/Bench.Data.DeBruijn.Index/thin/[95,20]",960,0,800,800,0,2.6310840003134217e-3
"/Bench.Data.DeBruijn.Index/thin/[95,25]",1200,0,880,880,0,2.6290419991710223e-3
"/Bench.Data.DeBruijn.Index/thin/[95,30]",1440,0,960,960,0,2.629833999890252e-3
"/Bench.Data.DeBruijn.Index/thin/[95,35]",1680,0,1040,1040,0,2.636290999362245e-3
"/Bench.Data.DeBruijn.Index/thin/[95,40]",1920,0,1120,1120,0,2.633125001011649e-3
"/Bench.Data.DeBruijn.Index/thin/[95,45]",2160,0,1200,1200,0,2.6367080008640187e-3
"/Bench.Data.DeBruijn.Index/thin/[95,50]",2400,0,1280,1280,0,2.624457998535945e-3
"/Bench.Data.DeBruijn.Index/thin/[95,55]",2640,0,1360,1360,0,2.6272079994669184e-3
"/Bench.Data.DeBruijn.Index/thin/[95,60]",2880,0,1440,1440,0,2.6244159998896066e-3
"/Bench.Data.DeBruijn.Index/thin/[95,65]",3120,0,1520,1520,0,2.650667000125395e-3
"/Bench.Data.DeBruijn.Index/thin/[95,70]",3360,0,1600,1600,0,2.6667919992178213e-3
"/Bench.Data.DeBruijn.Index/thin/[95,75]",3600,0,1680,1680,0,2.7431669986981433e-3
"/Bench.Data.DeBruijn.Index/thin/[95,80]",3840,0,1760,1760,0,2.703207999729784e-3
"/Bench.Data.DeBruijn.Index/thin/[95,85]",4080,0,1840,1840,0,2.6796659985848237e-3
"/Bench.Data.DeBruijn.Index/thin/[95,90]",4320,0,1920,1920,0,2.6644999998097774e-3
"/Bench.Data.DeBruijn.Index/thin/[95,95]",4576,0,2016,2016,0,2.734292000241112e-3
"/Bench.Data.DeBruijn.Index/thin/[95,100]",4576,0,2016,2016,0,2.6579589994071284e-3
"/Bench.Data.DeBruijn.Index/thin/[100,0]",0,0,480,480,0,2.6385000001027947e-3
"/Bench.Data.DeBruijn.Index/thin/[100,5]",240,0,560,560,0,2.6645420002751052e-3
"/Bench.Data.DeBruijn.Index/thin/[100,10]",480,0,640,640,0,2.6640420001058374e-3
"/Bench.Data.DeBruijn.Index/thin/[100,15]",720,0,720,720,0,2.645832999405684e-3
"/Bench.Data.DeBruijn.Index/thin/[100,20]",960,0,800,800,0,2.7185829985683085e-3
"/Bench.Data.DeBruijn.Index/thin/[100,25]",1200,0,880,880,0,2.677290998690296e-3
"/Bench.Data.DeBruijn.Index/thin/[100,30]",1440,0,960,960,0,2.6946250000037253e-3
"/Bench.Data.DeBruijn.Index/thin/[100,35]",1680,0,1040,1040,0,2.6470829998288536e-3
"/Bench.Data.DeBruijn.Index/thin/[100,40]",1920,0,1120,1120,0,2.666250000402215e-3
"/Bench.Data.DeBruijn.Index/thin/[100,45]",2160,0,1200,1200,0,2.6982910003425786e-3
"/Bench.Data.DeBruijn.Index/thin/[100,50]",2400,0,1280,1280,0,2.634042000863701e-3
"/Bench.Data.DeBruijn.Index/thin/[100,55]",2640,0,1360,1360,0,2.674625000508968e-3
"/Bench.Data.DeBruijn.Index/thin/[100,60]",2880,0,1440,1440,0,2.6867079996009124e-3
"/Bench.Data.DeBruijn.Index/thin/[100,65]",3120,0,1520,1520,0,2.6611250013957033e-3
"/Bench.Data.DeBruijn.Index/thin/[100,70]",3360,0,1600,1600,0,2.6715000003605383e-3
"/Bench.Data.DeBruijn.Index/thin/[100,75]",3600,0,1680,1680,0,2.6778329993248917e-3
"/Bench.Data.DeBruijn.Index/thin/[100,80]",3840,0,1760,1760,0,2.6773749996209517e-3
"/Bench.Data.DeBruijn.Index/thin/[100,85]",4080,0,1840,1840,0,2.6701669994508848e-3
"/Bench.Data.DeBruijn.Index/thin/[100,90]",4320,0,1920,1920,0,2.6687080007832265e-3
"/Bench.Data.DeBruijn.Index/thin/[100,95]",4560,0,2000,2000,0,2.740542000537971e-3
"/Bench.Data.DeBruijn.Index/thin/[100,100]",4816,0,2096,2096,0,2.680999999938649e-3
"/Bench.Data.DeBruijn.Index/thin/[1,1]",64,0,512,512,0,2.695582999876933e-3
"/Bench.Data.DeBruijn.Index/thin/[2,2]",112,0,528,528,0,2.6887910007644678e-3
"/Bench.Data.DeBruijn.Index/thin/[3,3]",160,0,544,544,0,2.817374999722233e-3
"/Bench.Data.DeBruijn.Index/thin/[4,4]",208,0,560,560,0,2.8189580007165205e-3
"/Bench.Data.DeBruijn.Index/thin/[6,6]",304,0,592,592,0,2.676332998817088e-3
"/Bench.Data.DeBruijn.Index/thin/[7,7]",352,0,608,608,0,2.7004170005966444e-3
"/Bench.Data.DeBruijn.Index/thin/[8,8]",400,0,624,624,0,2.667791999556357e-3
"/Bench.Data.DeBruijn.Index/thin/[9,9]",448,0,640,640,0,2.7003750001313165e-3
"/Bench.Data.DeBruijn.Index/thin/[11,11]",544,0,672,672,0,2.7841669998451835e-3
"/Bench.Data.DeBruijn.Index/thin/[12,12]",592,0,688,688,0,2.7218329996685497e-3
"/Bench.Data.DeBruijn.Index/thin/[13,13]",640,0,704,704,0,2.703291000216268e-3
"/Bench.Data.DeBruijn.Index/thin/[14,14]",688,0,720,720,0,2.7031659992644563e-3
"/Bench.Data.DeBruijn.Index/thin/[16,16]",784,0,752,752,0,2.7254169999650912e-3
"/Bench.Data.DeBruijn.Index/thin/[17,17]",832,0,768,768,0,2.7174579990969505e-3
"/Bench.Data.DeBruijn.Index/thin/[18,18]",880,0,784,784,0,2.7651670006889617e-3
"/Bench.Data.DeBruijn.Index/thin/[19,19]",928,0,800,800,0,2.800500000375905e-3
"/Bench.Data.DeBruijn.Index/thin/[21,21]",1024,0,832,832,0,2.756459000011091e-3
"/Bench.Data.DeBruijn.Index/thin/[22,22]",1072,0,848,848,0,2.710875000047963e-3
"/Bench.Data.DeBruijn.Index/thin/[23,23]",1120,0,864,864,0,2.7454169994598487e-3
"/Bench.Data.DeBruijn.Index/thin/[24,24]",1168,0,880,880,0,2.711584000280709e-3
"/Bench.Data.DeBruijn.Index/thin/[26,26]",1264,0,912,912,0,2.7339589996699942e-3
"/Bench.Data.DeBruijn.Index/thin/[27,27]",1312,0,928,928,0,2.7060839984187623e-3
"/Bench.Data.DeBruijn.Index/thin/[28,28]",1360,0,944,944,0,2.7126660006615566e-3
"/Bench.Data.DeBruijn.Index/thin/[29,29]",1408,0,960,960,0,2.7751249999710126e-3
"/Bench.Data.DeBruijn.Index/thin/[31,31]",1504,0,992,992,0,2.697750000152155e-3
"/Bench.Data.DeBruijn.Index/thin/[32,32]",1552,0,1008,1008,0,2.7127080011268845e-3
"/Bench.Data.DeBruijn.Index/thin/[33,33]",1600,0,1024,1024,0,2.7027080013795057e-3
"/Bench.Data.DeBruijn.Index/thin/[34,34]",1648,0,1040,1040,0,2.709792001041933e-3
"/Bench.Data.DeBruijn.Index/thin/[36,36]",1744,0,1072,1072,0,2.7568749992497033e-3
"/Bench.Data.DeBruijn.Index/thin/[37,37]",1792,0,1088,1088,0,2.728249999563559e-3
"/Bench.Data.DeBruijn.Index/thin/[38,38]",1840,0,1104,1104,0,2.7421250015322585e-3
"/Bench.Data.DeBruijn.Index/thin/[39,39]",1888,0,1120,1120,0,2.722709001318435e-3
"/Bench.Data.DeBruijn.Index/thin/[41,41]",1984,0,1152,1152,0,2.755333000095561e-3
"/Bench.Data.DeBruijn.Index/thin/[42,42]",2032,0,1168,1168,0,2.7612499998213025e-3
"/Bench.Data.DeBruijn.Index/thin/[43,43]",2080,0,1184,1184,0,2.725000000282307e-3
"/Bench.Data.DeBruijn.Index/thin/[44,44]",2128,0,1200,1200,0,2.7644590009003878e-3
"/Bench.Data.DeBruijn.Index/thin/[46,46]",2224,0,1232,1232,0,2.77783400088083e-3
"/Bench.Data.DeBruijn.Index/thin/[47,47]",2272,0,1248,1248,0,2.8417080011422513e-3
"/Bench.Data.DeBruijn.Index/thin/[48,48]",2320,0,1264,1264,0,2.8665419995377306e-3
"/Bench.Data.DeBruijn.Index/thin/[49,49]",2368,0,1280,1280,0,2.7626669998426223e-3
"/Bench.Data.DeBruijn.Index/thin/[51,51]",2464,0,1312,1312,0,2.7675420005834894e-3
"/Bench.Data.DeBruijn.Index/thin/[52,52]",2512,0,1328,1328,0,2.7432080005382886e-3
"/Bench.Data.DeBruijn.Index/thin/[53,53]",2560,0,1344,1344,0,2.8499159998318646e-3
"/Bench.Data.DeBruijn.Index/thin/[54,54]",2608,0,1360,1360,0,2.756750000116881e-3
"/Bench.Data.DeBruijn.Index/thin/[56,56]",2704,0,1392,1392,0,2.704874999835738e-3
"/Bench.Data.DeBruijn.Index/thin/[57,57]",2752,0,1408,1408,0,2.773166999759269e-3
"/Bench.Data.DeBruijn.Index/thin/[58,58]",2800,0,1424,1424,0,2.7233340006205253e-3
"/Bench.Data.DeBruijn.Index/thin/[59,59]",2848,0,1440,1440,0,2.7484999991429504e-3
"/Bench.Data.DeBruijn.Index/thin/[61,61]",2944,0,1472,1472,0,2.759499999228865e-3
"/Bench.Data.DeBruijn.Index/thin/[62,62]",2992,0,1488,1488,0,2.7459169996291166e-3
"/Bench.Data.DeBruijn.Index/thin/[63,63]",3040,0,1504,1504,0,2.7307500004098983e-3
"/Bench.Data.DeBruijn.Index/thin/[64,64]",3088,0,1520,1520,0,2.69112499881885e-3
"/Bench.Data.DeBruijn.Index/thin/[66,66]",3184,0,1552,1552,0,2.759457998763537e-3
"/Bench.Data.DeBruijn.Index/thin/[67,67]",3232,0,1568,1568,0,2.735500000198954e-3
"/Bench.Data.DeBruijn.Index/thin/[68,68]",3280,0,1584,1584,0,2.7033329988626065e-3
"/Bench.Data.DeBruijn.Index/thin/[69,69]",3328,0,1600,1600,0,2.8079999992769444e-3
"/Bench.Data.DeBruijn.Index/thin/[71,71]",3424,0,1632,1632,0,2.862540999558405e-3
"/Bench.Data.DeBruijn.Index/thin/[72,72]",3472,0,1648,1648,0,2.818584000124247e-3
"/Bench.Data.DeBruijn.Index/thin/[73,73]",3520,0,1664,1664,0,2.7844579999509733e-3
"/Bench.Data.DeBruijn.Index/thin/[74,74]",3568,0,1680,1680,0,2.772333000393701e-3
"/Bench.Data.DeBruijn.Index/thin/[76,76]",3664,0,1712,1712,0,2.7848749996337574e-3
"/Bench.Data.DeBruijn.Index/thin/[77,77]",3712,0,1728,1728,0,2.7396669993322575e-3
"/Bench.Data.DeBruijn.Index/thin/[78,78]",3760,0,1744,1744,0,2.7465000002848683e-3
"/Bench.Data.DeBruijn.Index/thin/[79,79]",3808,0,1760,1760,0,2.758291999271023e-3
"/Bench.Data.DeBruijn.Index/thin/[81,81]",3904,0,1792,1792,0,2.750292000200716e-3
"/Bench.Data.DeBruijn.Index/thin/[82,82]",3952,0,1808,1808,0,2.728292000028887e-3
"/Bench.Data.DeBruijn.Index/thin/[83,83]",4000,0,1824,1824,0,2.7092080017609987e-3
"/Bench.Data.DeBruijn.Index/thin/[84,84]",4048,0,1840,1840,0,2.7604589995462447e-3
"/Bench.Data.DeBruijn.Index/thin/[86,86]",4144,0,1872,1872,0,2.7714169991668314e-3
"/Bench.Data.DeBruijn.Index/thin/[87,87]",4192,0,1888,1888,0,2.7719160007109167e-3
"/Bench.Data.DeBruijn.Index/thin/[88,88]",4240,0,1904,1904,0,2.754542001639493e-3
"/Bench.Data.DeBruijn.Index/thin/[89,89]",4288,0,1920,1920,0,2.7491669989103684e-3
"/Bench.Data.DeBruijn.Index/thin/[91,91]",4384,0,1952,1952,0,2.7594170005613705e-3
"/Bench.Data.DeBruijn.Index/thin/[92,92]",4432,0,1968,1968,0,2.728916999330977e-3
"/Bench.Data.DeBruijn.Index/thin/[93,93]",4480,0,1984,1984,0,2.7754160000768024e-3
"/Bench.Data.DeBruijn.Index/thin/[94,94]",4528,0,2000,2000,0,2.787291999993613e-3
"/Bench.Data.DeBruijn.Index/thin/[96,96]",4624,0,2032,2032,0,2.754167000603047e-3
"/Bench.Data.DeBruijn.Index/thin/[97,97]",4672,0,2048,2048,0,2.7794589987024665e-3
"/Bench.Data.DeBruijn.Index/thin/[98,98]",4720,0,2064,2064,0,2.8345000009721844e-3
"/Bench.Data.DeBruijn.Index/thin/[99,99]",4768,0,2080,2080,0,2.9506659993785433e-3
"/Bench.Data.DeBruijn.Index/thick/[0,0]",0,0,480,480,0,2.719292000620044e-3
"/Bench.Data.DeBruijn.Index/thick/[0,5]",16,0,496,496,0,2.726165999774821e-3
"/Bench.Data.DeBruijn.Index/thick/[0,10]",16,0,496,496,0,2.7000829995813547e-3
"/Bench.Data.DeBruijn.Index/thick/[0,15]",16,0,496,496,0,2.7552920000744052e-3
"/Bench.Data.DeBruijn.Index/thick/[0,20]",16,0,496,496,0,2.7468339994811686e-3
"/Bench.Data.DeBruijn.Index/thick/[0,25]",16,0,496,496,0,2.7097919992229436e-3
"/Bench.Data.DeBruijn.Index/thick/[0,30]",16,0,496,496,0,2.6913330002571456e-3
"/Bench.Data.DeBruijn.Index/thick/[0,35]",16,0,496,496,0,2.689334000024246e-3
"/Bench.Data.DeBruijn.Index/thick/[0,40]",16,0,496,496,0,2.739916000791709e-3
"/Bench.Data.DeBruijn.Index/thick/[0,45]",16,0,496,496,0,2.7330419998179423e-3
"/Bench.Data.DeBruijn.Index/thick/[0,50]",16,0,496,496,0,2.704250000533648e-3
"/Bench.Data.DeBruijn.Index/thick/[0,55]",16,0,496,496,0,2.8215000002091983e-3
"/Bench.Data.DeBruijn.Index/thick/[0,60]",16,0,496,496,0,2.7987499997834675e-3
"/Bench.Data.DeBruijn.Index/thick/[0,65]",16,0,496,496,0,2.715084001465584e-3
"/Bench.Data.DeBruijn.Index/thick/[0,70]",16,0,496,496,0,2.8295840002101613e-3
"/Bench.Data.DeBruijn.Index/thick/[0,75]",16,0,496,496,0,2.7302500002406305e-3
"/Bench.Data.DeBruijn.Index/thick/[0,80]",16,0,496,496,0,2.7598329997999826e-3
"/Bench.Data.DeBruijn.Index/thick/[0,85]",16,0,496,496,0,2.705499999137828e-3
"/Bench.Data.DeBruijn.Index/thick/[0,90]",16,0,496,496,0,2.719166999668232e-3
"/Bench.Data.DeBruijn.Index/thick/[0,95]",16,0,496,496,0,2.6820830007636687e-3
"/Bench.Data.DeBruijn.Index/thick/[0,100]",16,0,496,496,0,2.7245000001130393e-3
"/Bench.Data.DeBruijn.Index/thick/[5,0]",16,0,496,496,0,2.743249999184627e-3
"/Bench.Data.DeBruijn.Index/thick/[5,5]",0,0,480,480,0,2.733749999606516e-3
"/Bench.Data.DeBruijn.Index/thick/[5,10]",296,0,576,576,0,2.7368749997549457e-3
"/Bench.Data.DeBruijn.Index/thick/[5,15]",296,0,576,576,0,2.7173749986104667e-3
"/Bench.Data.DeBruijn.Index/thick/[5,20]",296,0,576,576,0,2.7220840001973556e-3
"/Bench.Data.DeBruijn.Index/thick/[5,25]",296,0,576,576,0,2.8487920008046785e-3
"/Bench.Data.DeBruijn.Index/thick/[5,30]",296,0,576,576,0,2.77829200058477e-3
"/Bench.Data.DeBruijn.Index/thick/[5,35]",296,0,576,576,0,2.770167000562651e-3
"/Bench.Data.DeBruijn.Index/thick/[5,40]",296,0,576,576,0,2.7397920002840692e-3
"/Bench.Data.DeBruijn.Index/thick/[5,45]",296,0,576,576,0,2.855374999853666e-3
"/Bench.Data.DeBruijn.Index/thick/[5,50]",296,0,576,576,0,2.800958000079845e-3
"/Bench.Data.DeBruijn.Index/thick/[5,55]",296,0,576,576,0,2.8106250010750955e-3
"/Bench.Data.DeBruijn.Index/thick/[5,60]",296,0,576,576,0,2.765749999525724e-3
"/Bench.Data.DeBruijn.Index/thick/[5,65]",296,0,576,576,0,2.8350419997877907e-3
"/Bench.Data.DeBruijn.Index/thick/[5,70]",296,0,576,576,0,2.7489589992910624e-3
"/Bench.Data.DeBruijn.Index/thick/[5,75]",296,0,576,576,0,2.748375000010128e-3
"/Bench.Data.DeBruijn.Index/thick/[5,80]",296,0,576,576,0,2.7414589985710336e-3
"/Bench.Data.DeBruijn.Index/thick/[5,85]",296,0,576,576,0,2.823000000717002e-3
"/Bench.Data.DeBruijn.Index/thick/[5,90]",296,0,576,576,0,2.7186659990547923e-3
"/Bench.Data.DeBruijn.Index/thick/[5,95]",296,0,576,576,0,2.7756660001614364e-3
"/Bench.Data.DeBruijn.Index/thick/[5,100]",296,0,576,576,0,2.762333000646322e-3
"/Bench.Data.DeBruijn.Index/thick/[10,0]",16,0,496,496,0,2.7752080004574964e-3
"/Bench.Data.DeBruijn.Index/thick/[10,5]",296,0,576,576,0,2.7622500001598382e-3
"/Bench.Data.DeBruijn.Index/thick/[10,10]",0,0,480,480,0,2.7697919995262055e-3
"/Bench.Data.DeBruijn.Index/thick/[10,15]",576,0,656,656,0,2.763750000667642e-3
"/Bench.Data.DeBruijn.Index/thick/[10,20]",576,0,656,656,0,2.794459000142524e-3
"/Bench.Data.DeBruijn.Index/thick/[10,25]",576,0,656,656,0,2.738958000918501e-3
"/Bench.Data.DeBruijn.Index/thick/[10,30]",576,0,656,656,0,2.784791000522091e-3
"/Bench.Data.DeBruijn.Index/thick/[10,35]",576,0,656,656,0,2.727291999690351e-3
"/Bench.Data.DeBruijn.Index/thick/[10,40]",576,0,656,656,0,2.71791600061988e-3
"/Bench.Data.DeBruijn.Index/thick/[10,45]",576,0,656,656,0,2.76362499971583e-3
"/Bench.Data.DeBruijn.Index/thick/[10,50]",576,0,656,656,0,2.7778339990618406e-3
"/Bench.Data.DeBruijn.Index/thick/[10,55]",576,0,656,656,0,2.7669589999277378e-3
"/Bench.Data.DeBruijn.Index/thick/[10,60]",576,0,656,656,0,2.7370000007067574e-3
"/Bench.Data.DeBruijn.Index/thick/[10,65]",576,0,656,656,0,2.747333001025254e-3
"/Bench.Data.DeBruijn.Index/thick/[10,70]",576,0,656,656,0,2.72308299827273e-3
"/Bench.Data.DeBruijn.Index/thick/[10,75]",576,0,656,656,0,2.7300410001771525e-3
"/Bench.Data.DeBruijn.Index/thick/[10,80]",576,0,656,656,0,2.80650000058813e-3
"/Bench.Data.DeBruijn.Index/thick/[10,85]",576,0,656,656,0,2.7563749990804354e-3
"/Bench.Data.DeBruijn.Index/thick/[10,90]",576,0,656,656,0,2.793084000586532e-3
"/Bench.Data.DeBruijn.Index/thick/[10,95]",576,0,656,656,0,2.765791999991052e-3
"/Bench.Data.DeBruijn.Index/thick/[10,100]",576,0,656,656,0,2.78216599872394e-3
"/Bench.Data.DeBruijn.Index/thick/[15,0]",16,0,496,496,0,2.7614159989752807e-3
"/Bench.Data.DeBruijn.Index/thick/[15,5]",296,0,576,576,0,2.738083001531777e-3
"/Bench.Data.DeBruijn.Index/thick/[15,10]",576,0,656,656,0,2.7960000006714836e-3
"/Bench.Data.DeBruijn.Index/thick/[15,15]",0,0,480,480,0,2.76783299887029e-3
"/Bench.Data.DeBruijn.Index/thick/[15,20]",856,0,736,736,0,2.794874999381136e-3
"/Bench.Data.DeBruijn.Index/thick/[15,25]",856,0,736,736,0,2.854042000763002e-3
"/Bench.Data.DeBruijn.Index/thick/[15,30]",856,0,736,736,0,2.763292000963702e-3
"/Bench.Data.DeBruijn.Index/thick/[15,35]",856,0,736,736,0,2.81087499934074e-3
"/Bench.Data.DeBruijn.Index/thick/[15,40]",856,0,736,736,0,2.7740000004996546e-3
"/Bench.Data.DeBruijn.Index/thick/[15,45]",856,0,736,736,0,2.7415419990575174e-3
"/Bench.Data.DeBruijn.Index/thick/[15,50]",856,0,736,736,0,2.7692919993569376e-3
"/Bench.Data.DeBruijn.Index/thick/[15,55]",856,0,736,736,0,2.8444170002330793e-3
"/Bench.Data.DeBruijn.Index/thick/[15,60]",856,0,736,736,0,2.8423750009096693e-3
"/Bench.Data.DeBruijn.Index/thick/[15,65]",856,0,736,736,0,2.831792000506539e-3
"/Bench.Data.DeBruijn.Index/thick/[15,70]",856,0,736,736,0,2.785874999972293e-3
"/Bench.Data.DeBruijn.Index/thick/[15,75]",856,0,736,736,0,2.793542000290472e-3
"/Bench.Data.DeBruijn.Index/thick/[15,80]",856,0,736,736,0,2.873208000892191e-3
"/Bench.Data.DeBruijn.Index/thick/[15,85]",856,0,736,736,0,2.784083000733517e-3
"/Bench.Data.DeBruijn.Index/thick/[15,90]",856,0,736,736,0,2.7755829996749526e-3
"/Bench.Data.DeBruijn.Index/thick/[15,95]",856,0,736,736,0,2.845584000169765e-3
"/Bench.Data.DeBruijn.Index/thick/[15,100]",856,0,736,736,0,2.839790999132674e-3
"/Bench.Data.DeBruijn.Index/thick/[20,0]",16,0,496,496,0,2.8714580002997536e-3
"/Bench.Data.DeBruijn.Index/thick/[20,5]",296,0,576,576,0,2.848000000085449e-3
"/Bench.Data.DeBruijn.Index/thick/[20,10]",576,0,656,656,0,2.811124999425374e-3
"/Bench.Data.DeBruijn.Index/thick/[20,15]",856,0,736,736,0,2.8637919986067573e-3
"/Bench.Data.DeBruijn.Index/thick/[20,20]",0,0,480,480,0,2.8330840013950365e-3
"/Bench.Data.DeBruijn.Index/thick/[20,25]",1136,0,816,816,0,2.785708000374143e-3
"/Bench.Data.DeBruijn.Index/thick/[20,30]",1136,0,816,816,0,2.8041250006936025e-3
"/Bench.Data.DeBruijn.Index/thick/[20,35]",1136,0,816,816,0,2.811416999975336e-3
"/Bench.Data.DeBruijn.Index/thick/[20,40]",1136,0,816,816,0,2.811791999192792e-3
"/Bench.Data.DeBruijn.Index/thick/[20,45]",1136,0,816,816,0,2.837042000464862e-3
"/Bench.Data.DeBruijn.Index/thick/[20,50]",1136,0,816,816,0,2.7895000002899906e-3
"/Bench.Data.DeBruijn.Index/thick/[20,55]",1136,0,816,816,0,2.8237499991519144e-3
"/Bench.Data.DeBruijn.Index/thick/[20,60]",1136,0,816,816,0,2.846584000508301e-3
"/Bench.Data.DeBruijn.Index/thick/[20,65]",1136,0,816,816,0,2.813333001540741e-3
"/Bench.Data.DeBruijn.Index/thick/[20,70]",1136,0,816,816,0,2.860417000192683e-3
"/Bench.Data.DeBruijn.Index/thick/[20,75]",1136,0,816,816,0,2.8222500004631e-3
"/Bench.Data.DeBruijn.Index/thick/[20,80]",1136,0,816,816,0,2.8439580000849674e-3
"/Bench.Data.DeBruijn.Index/thick/[20,85]",1136,0,816,816,0,2.860791000784957e-3
"/Bench.Data.DeBruijn.Index/thick/[20,90]",1136,0,816,816,0,2.836875000866712e-3
"/Bench.Data.DeBruijn.Index/thick/[20,95]",1136,0,816,816,0,2.9824160010321066e-3
"/Bench.Data.DeBruijn.Index/thick/[20,100]",1136,0,816,816,0,2.837583000655286e-3
"/Bench.Data.DeBruijn.Index/thick/[25,0]",16,0,496,496,0,2.807666000080644e-3
"/Bench.Data.DeBruijn.Index/thick/[25,5]",296,0,576,576,0,2.825042000040412e-3
"/Bench.Data.DeBruijn.Index/thick/[25,10]",576,0,656,656,0,2.8684999997494742e-3
"/Bench.Data.DeBruijn.Index/thick/[25,15]",856,0,736,736,0,2.950542000689893e-3
"/Bench.Data.DeBruijn.Index/thick/[25,20]",1136,0,816,816,0,2.852792000339832e-3
"/Bench.Data.DeBruijn.Index/thick/[25,25]",0,0,480,480,0,2.846208000846673e-3
"/Bench.Data.DeBruijn.Index/thick/[25,30]",1416,0,896,896,0,2.8985829994780943e-3
"/Bench.Data.DeBruijn.Index/thick/[25,35]",1416,0,896,896,0,2.817208000124083e-3
"/Bench.Data.DeBruijn.Index/thick/[25,40]",1416,0,896,896,0,2.8800000000046566e-3
"/Bench.Data.DeBruijn.Index/thick/[25,45]",1416,0,896,896,0,2.8892089994769776e-3
"/Bench.Data.DeBruijn.Index/thick/[25,50]",1416,0,896,896,0,2.8508329996839166e-3
"/Bench.Data.DeBruijn.Index/thick/[25,55]",1416,0,896,896,0,2.8531669995572884e-3
"/Bench.Data.DeBruijn.Index/thick/[25,60]",1416,0,896,896,0,2.8127500008849893e-3
"/Bench.Data.DeBruijn.Index/thick/[25,65]",1416,0,896,896,0,2.819791001456906e-3
"/Bench.Data.DeBruijn.Index/thick/[25,70]",1416,0,896,896,0,2.7978750003967434e-3
"/Bench.Data.DeBruijn.Index/thick/[25,75]",1416,0,896,896,0,2.8068749998055864e-3
"/Bench.Data.DeBruijn.Index/thick/[25,80]",1416,0,896,896,0,2.8378329989209305e-3
"/Bench.Data.DeBruijn.Index/thick/[25,85]",1416,0,896,896,0,2.8177079984743614e-3
"/Bench.Data.DeBruijn.Index/thick/[25,90]",1416,0,896,896,0,2.8568329998961417e-3
"/Bench.Data.DeBruijn.Index/thick/[25,95]",1416,0,896,896,0,2.8989999991608784e-3
"/Bench.Data.DeBruijn.Index/thick/[25,100]",1416,0,896,896,0,2.9546670011768583e-3
"/Bench.Data.DeBruijn.Index/thick/[30,0]",16,0,496,496,0,2.8452499991544755e-3
"/Bench.Data.DeBruijn.Index/thick/[30,5]",296,0,576,576,0,2.820166999299545e-3
"/Bench.Data.DeBruijn.Index/thick/[30,10]",576,0,656,656,0,2.8741249989252537e-3
"/Bench.Data.DeBruijn.Index/thick/[30,15]",856,0,736,736,0,2.831249999871943e-3
"/Bench.Data.DeBruijn.Index/thick/[30,20]",1136,0,816,816,0,2.7868749984918395e-3
"/Bench.Data.DeBruijn.Index/thick/[30,25]",1416,0,896,896,0,2.7987079993181396e-3
"/Bench.Data.DeBruijn.Index/thick/[30,30]",0,0,480,480,0,2.803749999657157e-3
"/Bench.Data.DeBruijn.Index/thick/[30,35]",1696,0,976,976,0,2.809499999784748e-3
"/Bench.Data.DeBruijn.Index/thick/[30,40]",1696,0,976,976,0,2.8280000005906913e-3
"/Bench.Data.DeBruijn.Index/thick/[30,45]",1696,0,976,976,0,2.8177079984743614e-3
"/Bench.Data.DeBruijn.Index/thick/[30,50]",1696,0,976,976,0,2.8429159992811037e-3
"/Bench.Data.DeBruijn.Index/thick/[30,55]",1696,0,976,976,0,2.846375000444823e-3
"/Bench.Data.DeBruijn.Index/thick/[30,60]",1696,0,976,976,0,2.8243749984540045e-3
"/Bench.Data.DeBruijn.Index/thick/[30,65]",1696,0,976,976,0,2.8430830006982433e-3
"/Bench.Data.DeBruijn.Index/thick/[30,70]",1696,0,976,976,0,2.907374999267631e-3
"/Bench.Data.DeBruijn.Index/thick/[30,75]",1696,0,976,976,0,2.8587920005520573e-3
"/Bench.Data.DeBruijn.Index/thick/[30,80]",1696,0,976,976,0,2.8724160001729615e-3
"/Bench.Data.DeBruijn.Index/thick/[30,85]",1696,0,976,976,0,2.8353329998935806e-3
"/Bench.Data.DeBruijn.Index/thick/[30,90]",1696,0,976,976,0,2.8782080007658806e-3
"/Bench.Data.DeBruijn.Index/thick/[30,95]",1696,0,976,976,0,2.899958999478258e-3
"/Bench.Data.DeBruijn.Index/thick/[30,100]",1696,0,976,976,0,2.9105419998813886e-3
"/Bench.Data.DeBruijn.Index/thick/[35,0]",16,0,496,496,0,2.8980419992876705e-3
"/Bench.Data.DeBruijn.Index/thick/[35,5]",296,0,576,576,0,2.8617499992833473e-3
"/Bench.Data.DeBruijn.Index/thick/[35,10]",576,0,656,656,0,2.9354999987845076e-3
"/Bench.Data.DeBruijn.Index/thick/[35,15]",856,0,736,736,0,2.8660839998337906e-3
"/Bench.Data.DeBruijn.Index/thick/[35,20]",1136,0,816,816,0,2.862957999241189e-3
"/Bench.Data.DeBruijn.Index/thick/[35,25]",1416,0,896,896,0,2.968332999444101e-3
"/Bench.Data.DeBruijn.Index/thick/[35,30]",1696,0,976,976,0,2.8263750009500654e-3
"/Bench.Data.DeBruijn.Index/thick/[35,35]",0,0,480,480,0,2.8982079984416487e-3
"/Bench.Data.DeBruijn.Index/thick/[35,40]",1976,0,1056,1056,0,2.984749999086489e-3
"/Bench.Data.DeBruijn.Index/thick/[35,45]",1976,0,1056,1056,0,2.860874999896623e-3
"/Bench.Data.DeBruijn.Index/thick/[35,50]",1976,0,1056,1056,0,2.8888329998153495e-3
"/Bench.Data.DeBruijn.Index/thick/[35,55]",1976,0,1056,1056,0,3.0178330016497057e-3
"/Bench.Data.DeBruijn.Index/thick/[35,60]",1976,0,1056,1056,0,2.962290998766548e-3
"/Bench.Data.DeBruijn.Index/thick/[35,65]",1976,0,1056,1056,0,2.9731249996984843e-3
"/Bench.Data.DeBruijn.Index/thick/[35,70]",1976,0,1056,1056,0,2.978833001179737e-3
"/Bench.Data.DeBruijn.Index/thick/[35,75]",1976,0,1056,1056,0,2.90066599882266e-3
"/Bench.Data.DeBruijn.Index/thick/[35,80]",1976,0,1056,1056,0,2.8827919995819684e-3
"/Bench.Data.DeBruijn.Index/thick/[35,85]",1976,0,1056,1056,0,2.9177920005167834e-3
"/Bench.Data.DeBruijn.Index/thick/[35,90]",1976,0,1056,1056,0,2.8875420011900133e-3
"/Bench.Data.DeBruijn.Index/thick/[35,95]",1976,0,1056,1056,0,2.873875000659609e-3
"/Bench.Data.DeBruijn.Index/thick/[35,100]",1976,0,1056,1056,0,2.8957920003449544e-3
"/Bench.Data.DeBruijn.Index/thick/[40,0]",16,0,496,496,0,2.916249999543652e-3
"/Bench.Data.DeBruijn.Index/thick/[40,5]",296,0,576,576,0,2.9369999992923113e-3
"/Bench.Data.DeBruijn.Index/thick/[40,10]",576,0,656,656,0,2.906084000642295e-3
"/Bench.Data.DeBruijn.Index/thick/[40,15]",856,0,736,736,0,3.055375000258209e-3
"/Bench.Data.DeBruijn.Index/thick/[40,20]",1136,0,816,816,0,2.871124999728636e-3
"/Bench.Data.DeBruijn.Index/thick/[40,25]",1416,0,896,896,0,2.8674580007646e-3
"/Bench.Data.DeBruijn.Index/thick/[40,30]",1696,0,976,976,0,2.894249999371823e-3
"/Bench.Data.DeBruijn.Index/thick/[40,35]",1976,0,1056,1056,0,2.856708999388502e-3
"/Bench.Data.DeBruijn.Index/thick/[40,40]",0,0,480,480,0,2.906499999880907e-3
"/Bench.Data.DeBruijn.Index/thick/[40,45]",2256,0,1136,1136,0,2.955374999146443e-3
"/Bench.Data.DeBruijn.Index/thick/[40,50]",2256,0,1136,1136,0,2.9240830008347984e-3
"/Bench.Data.DeBruijn.Index/thick/[40,55]",2256,0,1136,1136,0,2.9560000002675224e-3
"/Bench.Data.DeBruijn.Index/thick/[40,60]",2256,0,1136,1136,0,2.88383299994166e-3
"/Bench.Data.DeBruijn.Index/thick/[40,65]",2256,0,1136,1136,0,2.8842500014434336e-3
"/Bench.Data.DeBruijn.Index/thick/[40,70]",2256,0,1136,1136,0,2.897041000323952e-3
"/Bench.Data.DeBruijn.Index/thick/[40,75]",2256,0,1136,1136,0,2.87199999911536e-3
"/Bench.Data.DeBruijn.Index/thick/[40,80]",2256,0,1136,1136,0,2.9499169995688135e-3
"/Bench.Data.DeBruijn.Index/thick/[40,85]",2256,0,1136,1136,0,2.922458999819355e-3
"/Bench.Data.DeBruijn.Index/thick/[40,90]",2256,0,1136,1136,0,2.9206669987615896e-3
"/Bench.Data.DeBruijn.Index/thick/[40,95]",2256,0,1136,1136,0,3.021499998794752e-3
"/Bench.Data.DeBruijn.Index/thick/[40,100]",2256,0,1136,1136,0,2.931499999249354e-3
"/Bench.Data.DeBruijn.Index/thick/[45,0]",16,0,496,496,0,2.9395420006039785e-3
"/Bench.Data.DeBruijn.Index/thick/[45,5]",296,0,576,576,0,2.865957998437807e-3
"/Bench.Data.DeBruijn.Index/thick/[45,10]",576,0,656,656,0,2.8760419991158415e-3
"/Bench.Data.DeBruijn.Index/thick/[45,15]",856,0,736,736,0,2.916624998761108e-3
"/Bench.Data.DeBruijn.Index/thick/[45,20]",1136,0,816,816,0,2.9120420003891923e-3
"/Bench.Data.DeBruijn.Index/thick/[45,25]",1416,0,896,896,0,2.9475419996742858e-3
"/Bench.Data.DeBruijn.Index/thick/[45,30]",1696,0,976,976,0,2.8982499989069765e-3
"/Bench.Data.DeBruijn.Index/thick/[45,35]",1976,0,1056,1056,0,2.9424589993141126e-3
"/Bench.Data.DeBruijn.Index/thick/[45,40]",2256,0,1136,1136,0,2.907709000282921e-3
"/Bench.Data.DeBruijn.Index/thick/[45,45]",0,0,480,480,0,3.001291001055506e-3
"/Bench.Data.DeBruijn.Index/thick/[45,50]",2536,0,1216,1216,0,3.011832999618491e-3
"/Bench.Data.DeBruijn.Index/thick/[45,55]",2536,0,1216,1216,0,2.981166000608937e-3
"/Bench.Data.DeBruijn.Index/thick/[45,60]",2536,0,1216,1216,0,3.0153330008033663e-3
"/Bench.Data.DeBruijn.Index/thick/[45,65]",2536,0,1216,1216,0,2.9642919998877915e-3
"/Bench.Data.DeBruijn.Index/thick/[45,70]",2536,0,1216,1216,0,2.9274169992277166e-3
"/Bench.Data.DeBruijn.Index/thick/[45,75]",2536,0,1216,1216,0,2.9348749994824175e-3
"/Bench.Data.DeBruijn.Index/thick/[45,80]",2536,0,1216,1216,0,2.9880829988542246e-3
"/Bench.Data.DeBruijn.Index/thick/[45,85]",2536,0,1216,1216,0,2.9933749992778758e-3
"/Bench.Data.DeBruijn.Index/thick/[45,90]",2536,0,1216,1216,0,2.9440839989547385e-3
"/Bench.Data.DeBruijn.Index/thick/[45,95]",2536,0,1216,1216,0,2.984499999001855e-3
"/Bench.Data.DeBruijn.Index/thick/[45,100]",2536,0,1216,1216,0,2.9522500008170027e-3
"/Bench.Data.DeBruijn.Index/thick/[50,0]",16,0,496,496,0,2.932249999503256e-3
"/Bench.Data.DeBruijn.Index/thick/[50,5]",296,0,576,576,0,2.9259170005389024e-3
"/Bench.Data.DeBruijn.Index/thick/[50,10]",576,0,656,656,0,3.1544169996777782e-3
"/Bench.Data.DeBruijn.Index/thick/[50,15]",856,0,736,736,0,2.961915999549092e-3
"/Bench.Data.DeBruijn.Index/thick/[50,20]",1136,0,816,816,0,2.9666660011571366e-3
"/Bench.Data.DeBruijn.Index/thick/[50,25]",1416,0,896,896,0,2.9277499997988343e-3
"/Bench.Data.DeBruijn.Index/thick/[50,30]",1696,0,976,976,0,2.9247090005810605e-3
"/Bench.Data.DeBruijn.Index/thick/[50,35]",1976,0,1056,1056,0,2.958708000733168e-3
"/Bench.Data.DeBruijn.Index/thick/[50,40]",2256,0,1136,1136,0,2.9626249997818377e-3
"/Bench.Data.DeBruijn.Index/thick/[50,45]",2536,0,1216,1216,0,2.9749169989372604e-3
"/Bench.Data.DeBruijn.Index/thick/[50,50]",0,0,480,480,0,2.960499999971944e-3
"/Bench.Data.DeBruijn.Index/thick/[50,55]",2816,0,1296,1296,0,2.9324170009203954e-3
"/Bench.Data.DeBruijn.Index/thick/[50,60]",2816,0,1296,1296,0,3.519667001455673e-3
"/Bench.Data.DeBruijn.Index/thick/[50,65]",2816,0,1296,1296,0,3.0380839998542797e-3
"/Bench.Data.DeBruijn.Index/thick/[50,70]",2816,0,1296,1296,0,2.9286249991855584e-3
"/Bench.Data.DeBruijn.Index/thick/[50,75]",2816,0,1296,1296,0,3.1039580007927725e-3
"/Bench.Data.DeBruijn.Index/thick/[50,80]",2816,0,1296,1296,0,2.947957998912898e-3
"/Bench.Data.DeBruijn.Index/thick/[50,85]",2816,0,1296,1296,0,2.9725419990427326e-3
"/Bench.Data.DeBruijn.Index/thick/[50,90]",2816,0,1296,1296,0,3.091750000749016e-3
"/Bench.Data.DeBruijn.Index/thick/[50,95]",2816,0,1296,1296,0,2.9942919991299277e-3
"/Bench.Data.DeBruijn.Index/thick/[50,100]",2816,0,1296,1296,0,2.9652089997398434e-3
"/Bench.Data.DeBruijn.Index/thick/[55,0]",16,0,496,496,0,2.971375000925036e-3
"/Bench.Data.DeBruijn.Index/thick/[55,5]",296,0,576,576,0,2.957792001325288e-3
"/Bench.Data.DeBruijn.Index/thick/[55,10]",576,0,656,656,0,2.9237500002636807e-3
"/Bench.Data.DeBruijn.Index/thick/[55,15]",856,0,736,736,0,3.0377500006579794e-3
"/Bench.Data.DeBruijn.Index/thick/[55,20]",1136,0,816,816,0,2.9416249999485444e-3
"/Bench.Data.DeBruijn.Index/thick/[55,25]",1416,0,896,896,0,2.981999999974505e-3
"/Bench.Data.DeBruijn.Index/thick/[55,30]",1696,0,976,976,0,2.950709000288043e-3
"/Bench.Data.DeBruijn.Index/thick/[55,35]",1976,0,1056,1056,0,3.004750000400236e-3
"/Bench.Data.DeBruijn.Index/thick/[55,40]",2256,0,1136,1136,0,3.0602500009990763e-3
"/Bench.Data.DeBruijn.Index/thick/[55,45]",2536,0,1216,1216,0,2.950208998299786e-3
"/Bench.Data.DeBruijn.Index/thick/[55,50]",2816,0,1296,1296,0,2.961624999443302e-3
"/Bench.Data.DeBruijn.Index/thick/[55,55]",0,0,480,480,0,2.9503339992515976e-3
"/Bench.Data.DeBruijn.Index/thick/[55,60]",3096,0,1376,1376,0,3.0309159992611967e-3
"/Bench.Data.DeBruijn.Index/thick/[55,65]",3096,0,1376,1376,0,2.9574589989351807e-3
"/Bench.Data.DeBruijn.Index/thick/[55,70]",3096,0,1376,1376,0,2.9465410007105675e-3
"/Bench.Data.DeBruijn.Index/thick/[55,75]",3096,0,1376,1376,0,2.955124999061809e-3
"/Bench.Data.DeBruijn.Index/thick/[55,80]",3096,0,1376,1376,0,2.961000000141212e-3
"/Bench.Data.DeBruijn.Index/thick/[55,85]",3096,0,1376,1376,0,2.9578339999716263e-3
"/Bench.Data.DeBruijn.Index/thick/[55,90]",3096,0,1376,1376,0,2.9730419992120005e-3
"/Bench.Data.DeBruijn.Index/thick/[55,95]",3096,0,1376,1376,0,2.959707999252714e-3
"/Bench.Data.DeBruijn.Index/thick/[55,100]",3096,0,1376,1376,0,2.944125000794884e-3
"/Bench.Data.DeBruijn.Index/thick/[60,0]",16,0,496,496,0,2.9517079983634176e-3
"/Bench.Data.DeBruijn.Index/thick/[60,5]",296,0,576,576,0,2.9417919995466946e-3
"/Bench.Data.DeBruijn.Index/thick/[60,10]",576,0,656,656,0,2.9617920008604415e-3
"/Bench.Data.DeBruijn.Index/thick/[60,15]",856,0,736,736,0,2.9210420016170247e-3
"/Bench.Data.DeBruijn.Index/thick/[60,20]",1136,0,816,816,0,2.9647089995705755e-3
"/Bench.Data.DeBruijn.Index/thick/[60,25]",1416,0,896,896,0,3.012125000168453e-3
"/Bench.Data.DeBruijn.Index/thick/[60,30]",1696,0,976,976,0,2.950750000309199e-3
"/Bench.Data.DeBruijn.Index/thick/[60,35]",1976,0,1056,1056,0,3.0070840002736077e-3
"/Bench.Data.DeBruijn.Index/thick/[60,40]",2256,0,1136,1136,0,2.954416999273235e-3
"/Bench.Data.DeBruijn.Index/thick/[60,45]",2536,0,1216,1216,0,2.9560420007328503e-3
"/Bench.Data.DeBruijn.Index/thick/[60,50]",2816,0,1296,1296,0,2.98891599959461e-3
"/Bench.Data.DeBruijn.Index/thick/[60,55]",3096,0,1376,1376,0,2.9647920000570593e-3
"/Bench.Data.DeBruijn.Index/thick/[60,60]",0,0,480,480,0,2.9928340009064414e-3
"/Bench.Data.DeBruijn.Index/thick/[60,65]",3376,0,1456,1456,0,3.0395829999179114e-3
"/Bench.Data.DeBruijn.Index/thick/[60,70]",3376,0,1456,1456,0,3.0009580004843883e-3
"/Bench.Data.DeBruijn.Index/thick/[60,75]",3376,0,1456,1456,0,3.0894999999873107e-3
"/Bench.Data.DeBruijn.Index/thick/[60,80]",3376,0,1456,1456,0,2.977999998620362e-3
"/Bench.Data.DeBruijn.Index/thick/[60,85]",3376,0,1456,1456,0,3.118541999356239e-3
"/Bench.Data.DeBruijn.Index/thick/[60,90]",3376,0,1456,1456,0,2.9870839989598608e-3
"/Bench.Data.DeBruijn.Index/thick/[60,95]",3376,0,1456,1456,0,3.0085830003372394e-3
"/Bench.Data.DeBruijn.Index/thick/[60,100]",3376,0,1456,1456,0,3.012791999935871e-3
"/Bench.Data.DeBruijn.Index/thick/[65,0]",16,0,496,496,0,2.98987499991199e-3
"/Bench.Data.DeBruijn.Index/thick/[65,5]",296,0,576,576,0,2.971124999021413e-3
"/Bench.Data.DeBruijn.Index/thick/[65,10]",576,0,656,656,0,3.195707999111619e-3
"/Bench.Data.DeBruijn.Index/thick/[65,15]",856,0,736,736,0,2.965583000332117e-3
"/Bench.Data.DeBruijn.Index/thick/[65,20]",1136,0,816,816,0,2.987041998494533e-3
"/Bench.Data.DeBruijn.Index/thick/[65,25]",1416,0,896,896,0,2.981040999657125e-3
"/Bench.Data.DeBruijn.Index/thick/[65,30]",1696,0,976,976,0,3.026874999704887e-3
"/Bench.Data.DeBruijn.Index/thick/[65,35]",1976,0,1056,1056,0,3.0042080015846295e-3
"/Bench.Data.DeBruijn.Index/thick/[65,40]",2256,0,1136,1136,0,2.975249999508378e-3
"/Bench.Data.DeBruijn.Index/thick/[65,45]",2536,0,1216,1216,0,3.0427499987126794e-3
"/Bench.Data.DeBruijn.Index/thick/[65,50]",2816,0,1296,1296,0,2.9784580001432914e-3
"/Bench.Data.DeBruijn.Index/thick/[65,55]",3096,0,1376,1376,0,3.012334000231931e-3
"/Bench.Data.DeBruijn.Index/thick/[65,60]",3376,0,1456,1456,0,2.9920830002083676e-3
"/Bench.Data.DeBruijn.Index/thick/[65,65]",0,0,480,480,0,2.988750000440632e-3
"/Bench.Data.DeBruijn.Index/thick/[65,70]",3656,0,1536,1536,0,3.0521250009769574e-3
"/Bench.Data.DeBruijn.Index/thick/[65,75]",3656,0,1536,1536,0,3.0728749989066273e-3
"/Bench.Data.DeBruijn.Index/thick/[65,80]",3656,0,1536,1536,0,3.043167000214453e-3
"/Bench.Data.DeBruijn.Index/thick/[65,85]",3656,0,1536,1536,0,3.0657080005767057e-3
"/Bench.Data.DeBruijn.Index/thick/[65,90]",3656,0,1536,1536,0,3.042000000277767e-3
"/Bench.Data.DeBruijn.Index/thick/[65,95]",3656,0,1536,1536,0,3.03508300021349e-3
"/Bench.Data.DeBruijn.Index/thick/[65,100]",3656,0,1536,1536,0,3.296374999990803e-3
"/Bench.Data.DeBruijn.Index/thick/[70,0]",16,0,496,496,0,3.016959000888164e-3
"/Bench.Data.DeBruijn.Index/thick/[70,5]",296,0,576,576,0,3.162999999403837e-3
"/Bench.Data.DeBruijn.Index/thick/[70,10]",576,0,656,656,0,3.000749999046093e-3
"/Bench.Data.DeBruijn.Index/thick/[70,15]",856,0,736,736,0,3.0127910013106884e-3
"/Bench.Data.DeBruijn.Index/thick/[70,20]",1136,0,816,816,0,3.0247920003603213e-3
"/Bench.Data.DeBruijn.Index/thick/[70,25]",1416,0,896,896,0,3.0207500003598398e-3
"/Bench.Data.DeBruijn.Index/thick/[70,30]",1696,0,976,976,0,3.030166999451467e-3
"/Bench.Data.DeBruijn.Index/thick/[70,35]",1976,0,1056,1056,0,3.005165999638848e-3
"/Bench.Data.DeBruijn.Index/thick/[70,40]",2256,0,1136,1136,0,3.124000000752858e-3
"/Bench.Data.DeBruijn.Index/thick/[70,45]",2536,0,1216,1216,0,3.056542000194895e-3
"/Bench.Data.DeBruijn.Index/thick/[70,50]",2816,0,1296,1296,0,3.0138330002955627e-3
"/Bench.Data.DeBruijn.Index/thick/[70,55]",3096,0,1376,1376,0,3.0193749989848584e-3
"/Bench.Data.DeBruijn.Index/thick/[70,60]",3376,0,1456,1456,0,3.0606250002165325e-3
"/Bench.Data.DeBruijn.Index/thick/[70,65]",3656,0,1536,1536,0,3.050082999834558e-3
"/Bench.Data.DeBruijn.Index/thick/[70,70]",0,0,480,480,0,3.0297920002340106e-3
"/Bench.Data.DeBruijn.Index/thick/[70,75]",3936,0,1616,1616,0,3.0653330013592495e-3
"/Bench.Data.DeBruijn.Index/thick/[70,80]",3936,0,1616,1616,0,3.004166999744484e-3
"/Bench.Data.DeBruijn.Index/thick/[70,85]",3936,0,1616,1616,0,3.10837500001071e-3
"/Bench.Data.DeBruijn.Index/thick/[70,90]",3936,0,1616,1616,0,3.0516250008076895e-3
"/Bench.Data.DeBruijn.Index/thick/[70,95]",3936,0,1616,1616,0,3.026917000170215e-3
"/Bench.Data.DeBruijn.Index/thick/[70,100]",3936,0,1616,1616,0,3.0293330000858987e-3
"/Bench.Data.DeBruijn.Index/thick/[75,0]",16,0,496,496,0,2.9986250010551885e-3
"/Bench.Data.DeBruijn.Index/thick/[75,5]",296,0,576,576,0,3.0069170006754575e-3
"/Bench.Data.DeBruijn.Index/thick/[75,10]",576,0,656,656,0,3.0023749986867188e-3
"/Bench.Data.DeBruijn.Index/thick/[75,15]",856,0,736,736,0,3.0027920001884922e-3
"/Bench.Data.DeBruijn.Index/thick/[75,20]",1136,0,816,816,0,3.0103329991106875e-3
"/Bench.Data.DeBruijn.Index/thick/[75,25]",1416,0,896,896,0,3.0696249996253755e-3
"/Bench.Data.DeBruijn.Index/thick/[75,30]",1696,0,976,976,0,3.003375000844244e-3
"/Bench.Data.DeBruijn.Index/thick/[75,35]",1976,0,1056,1056,0,3.0290830000012647e-3
"/Bench.Data.DeBruijn.Index/thick/[75,40]",2256,0,1136,1136,0,3.035749999980908e-3
"/Bench.Data.DeBruijn.Index/thick/[75,45]",2536,0,1216,1216,0,3.108458000497194e-3
"/Bench.Data.DeBruijn.Index/thick/[75,50]",2816,0,1296,1296,0,3.0337500011228258e-3
"/Bench.Data.DeBruijn.Index/thick/[75,55]",3096,0,1376,1376,0,3.1592909999744734e-3
"/Bench.Data.DeBruijn.Index/thick/[75,60]",3376,0,1456,1456,0,3.130416000203695e-3
"/Bench.Data.DeBruijn.Index/thick/[75,65]",3656,0,1536,1536,0,3.1434169995918637e-3
"/Bench.Data.DeBruijn.Index/thick/[75,70]",3936,0,1616,1616,0,3.089415999056655e-3
"/Bench.Data.DeBruijn.Index/thick/[75,75]",0,0,480,480,0,3.060708999328199e-3
"/Bench.Data.DeBruijn.Index/thick/[75,80]",4216,0,1696,1696,0,3.0779589997109724e-3
"/Bench.Data.DeBruijn.Index/thick/[75,85]",4216,0,1696,1696,0,3.065167000386282e-3
"/Bench.Data.DeBruijn.Index/thick/[75,90]",4216,0,1696,1696,0,3.046833000553306e-3
"/Bench.Data.DeBruijn.Index/thick/[75,95]",4216,0,1696,1696,0,3.186374999131658e-3
"/Bench.Data.DeBruijn.Index/thick/[75,100]",4216,0,1696,1696,0,3.1227079998643603e-3
"/Bench.Data.DeBruijn.Index/thick/[80,0]",16,0,496,496,0,3.0826669990347e-3
"/Bench.Data.DeBruijn.Index/thick/[80,5]",296,0,576,576,0,3.089624999120133e-3
"/Bench.Data.DeBruijn.Index/thick/[80,10]",576,0,656,656,0,3.123709000647068e-3
"/Bench.Data.DeBruijn.Index/thick/[80,15]",856,0,736,736,0,3.108209000856732e-3
"/Bench.Data.DeBruijn.Index/thick/[80,20]",1136,0,816,816,0,3.15545800003747e-3
"/Bench.Data.DeBruijn.Index/thick/[80,25]",1416,0,896,896,0,3.1205420000333106e-3
"/Bench.Data.DeBruijn.Index/thick/[80,30]",1696,0,976,976,0,3.0877079989295453e-3
"/Bench.Data.DeBruijn.Index/thick/[80,35]",1976,0,1056,1056,0,3.084125000896165e-3
"/Bench.Data.DeBruijn.Index/thick/[80,40]",2256,0,1136,1136,0,3.088958999796887e-3
"/Bench.Data.DeBruijn.Index/thick/[80,45]",2536,0,1216,1216,0,3.0799999985902105e-3
"/Bench.Data.DeBruijn.Index/thick/[80,50]",2816,0,1296,1296,0,3.103499999269843e-3
"/Bench.Data.DeBruijn.Index/thick/[80,55]",3096,0,1376,1376,0,3.180208999765455e-3
"/Bench.Data.DeBruijn.Index/thick/[80,60]",3376,0,1456,1456,0,3.0811670003458858e-3
"/Bench.Data.DeBruijn.Index/thick/[80,65]",3656,0,1536,1536,0,3.0466249991150107e-3
"/Bench.Data.DeBruijn.Index/thick/[80,70]",3936,0,1616,1616,0,3.1164170013653347e-3
"/Bench.Data.DeBruijn.Index/thick/[80,75]",4216,0,1696,1696,0,3.1876670000201557e-3
"/Bench.Data.DeBruijn.Index/thick/[80,80]",0,0,480,480,0,3.09620799998811e-3
"/Bench.Data.DeBruijn.Index/thick/[80,85]",4496,0,1776,1776,0,3.1204999995679827e-3
"/Bench.Data.DeBruijn.Index/thick/[80,90]",4496,0,1776,1776,0,3.085250000367523e-3
"/Bench.Data.DeBruijn.Index/thick/[80,95]",4496,0,1776,1776,0,3.058832999158767e-3
"/Bench.Data.DeBruijn.Index/thick/[80,100]",4496,0,1776,1776,0,3.049875000215252e-3
"/Bench.Data.DeBruijn.Index/thick/[85,0]",16,0,496,496,0,3.050957999221282e-3
"/Bench.Data.DeBruijn.Index/thick/[85,5]",296,0,576,576,0,3.070459000809933e-3
"/Bench.Data.DeBruijn.Index/thick/[85,10]",576,0,656,656,0,3.0814170004305197e-3
"/Bench.Data.DeBruijn.Index/thick/[85,15]",856,0,736,736,0,3.0520000000251457e-3
"/Bench.Data.DeBruijn.Index/thick/[85,20]",1136,0,816,816,0,3.092709001066396e-3
"/Bench.Data.DeBruijn.Index/thick/[85,25]",1416,0,896,896,0,3.0906249994586688e-3
"/Bench.Data.DeBruijn.Index/thick/[85,30]",1696,0,976,976,0,3.087625000262051e-3
"/Bench.Data.DeBruijn.Index/thick/[85,35]",1976,0,1056,1056,0,3.103125000052387e-3
"/Bench.Data.DeBruijn.Index/thick/[85,40]",2256,0,1136,1136,0,3.1120000003284076e-3
"/Bench.Data.DeBruijn.Index/thick/[85,45]",2536,0,1216,1216,0,3.11229199905938e-3
"/Bench.Data.DeBruijn.Index/thick/[85,50]",2816,0,1296,1296,0,3.126458999759052e-3
"/Bench.Data.DeBruijn.Index/thick/[85,55]",3096,0,1376,1376,0,3.161833999911323e-3
"/Bench.Data.DeBruijn.Index/thick/[85,60]",3376,0,1456,1456,0,3.1409160001203418e-3
"/Bench.Data.DeBruijn.Index/thick/[85,65]",3656,0,1536,1536,0,3.2018330002756556e-3
"/Bench.Data.DeBruijn.Index/thick/[85,70]",3936,0,1616,1616,0,3.085791000557947e-3
"/Bench.Data.DeBruijn.Index/thick/[85,75]",4216,0,1696,1696,0,3.125625000393484e-3
"/Bench.Data.DeBruijn.Index/thick/[85,80]",4496,0,1776,1776,0,3.1503749996772967e-3
"/Bench.Data.DeBruijn.Index/thick/[85,85]",0,0,480,480,0,3.1584160005877493e-3
"/Bench.Data.DeBruijn.Index/thick/[85,90]",4776,0,1856,1856,0,3.1259160004992737e-3
"/Bench.Data.DeBruijn.Index/thick/[85,95]",4776,0,1856,1856,0,3.1735419997858116e-3
"/Bench.Data.DeBruijn.Index/thick/[85,100]",4776,0,1856,1856,0,3.131333000055747e-3
"/Bench.Data.DeBruijn.Index/thick/[90,0]",16,0,496,496,0,3.1467499993595993e-3
"/Bench.Data.DeBruijn.Index/thick/[90,5]",296,0,576,576,0,3.221625000151107e-3
"/Bench.Data.DeBruijn.Index/thick/[90,10]",576,0,656,656,0,3.148457999486709e-3
"/Bench.Data.DeBruijn.Index/thick/[90,15]",856,0,736,736,0,3.093666000495432e-3
"/Bench.Data.DeBruijn.Index/thick/[90,20]",1136,0,816,816,0,3.2505409999430412e-3
"/Bench.Data.DeBruijn.Index/thick/[90,25]",1416,0,896,896,0,3.189083998222486e-3
"/Bench.Data.DeBruijn.Index/thick/[90,30]",1696,0,976,976,0,3.197625001121196e-3
"/Bench.Data.DeBruijn.Index/thick/[90,35]",1976,0,1056,1056,0,3.153083000142942e-3
"/Bench.Data.DeBruijn.Index/thick/[90,40]",2256,0,1136,1136,0,3.1078749998414423e-3
"/Bench.Data.DeBruijn.Index/thick/[90,45]",2536,0,1216,1216,0,3.1447919991478557e-3
"/Bench.Data.DeBruijn.Index/thick/[90,50]",2816,0,1296,1296,0,3.151500000967644e-3
"/Bench.Data.DeBruijn.Index/thick/[90,55]",3096,0,1376,1376,0,3.3160420007334324e-3
"/Bench.Data.DeBruijn.Index/thick/[90,60]",3376,0,1456,1456,0,3.4866660007537575e-3
"/Bench.Data.DeBruijn.Index/thick/[90,65]",3656,0,1536,1536,0,3.1154169992078096e-3
"/Bench.Data.DeBruijn.Index/thick/[90,70]",3936,0,1616,1616,0,3.15079200117907e-3
"/Bench.Data.DeBruijn.Index/thick/[90,75]",4216,0,1696,1696,0,3.1462089991691755e-3
"/Bench.Data.DeBruijn.Index/thick/[90,80]",4496,0,1776,1776,0,3.1105000016395934e-3
"/Bench.Data.DeBruijn.Index/thick/[90,85]",4776,0,1856,1856,0,3.2750000009400537e-3
"/Bench.Data.DeBruijn.Index/thick/[90,90]",0,0,480,480,0,3.12350000058359e-3
"/Bench.Data.DeBruijn.Index/thick/[90,95]",5056,0,1936,1936,0,3.1320410016633105e-3
"/Bench.Data.DeBruijn.Index/thick/[90,100]",5056,0,1936,1936,0,3.133124999294523e-3
"/Bench.Data.DeBruijn.Index/thick/[95,0]",16,0,496,496,0,3.1656659994041547e-3
"/Bench.Data.DeBruijn.Index/thick/[95,5]",296,0,576,576,0,3.1447080000361893e-3
"/Bench.Data.DeBruijn.Index/thick/[95,10]",576,0,656,656,0,3.1559999988530762e-3
"/Bench.Data.DeBruijn.Index/thick/[95,15]",856,0,736,736,0,3.105624999079737e-3
"/Bench.Data.DeBruijn.Index/thick/[95,20]",1136,0,816,816,0,3.218582998670172e-3
"/Bench.Data.DeBruijn.Index/thick/[95,25]",1416,0,896,896,0,3.191333000359009e-3
"/Bench.Data.DeBruijn.Index/thick/[95,30]",1696,0,976,976,0,3.0759580004087184e-3
"/Bench.Data.DeBruijn.Index/thick/[95,35]",1976,0,1056,1056,0,3.1434159991476918e-3
"/Bench.Data.DeBruijn.Index/thick/[95,40]",2256,0,1136,1136,0,3.102250000665663e-3
"/Bench.Data.DeBruijn.Index/thick/[95,45]",2536,0,1216,1216,0,3.1075839997356525e-3
"/Bench.Data.DeBruijn.Index/thick/[95,50]",2816,0,1296,1296,0,3.156458999001188e-3
"/Bench.Data.DeBruijn.Index/thick/[95,55]",3096,0,1376,1376,0,3.1224159993143985e-3
"/Bench.Data.DeBruijn.Index/thick/[95,60]",3376,0,1456,1456,0,3.1089579988474725e-3
"/Bench.Data.DeBruijn.Index/thick/[95,65]",3656,0,1536,1536,0,3.145708000374725e-3
"/Bench.Data.DeBruijn.Index/thick/[95,70]",3936,0,1616,1616,0,3.179291999913403e-3
"/Bench.Data.DeBruijn.Index/thick/[95,75]",4216,0,1696,1696,0,3.1022909988678293e-3
"/Bench.Data.DeBruijn.Index/thick/[95,80]",4496,0,1776,1776,0,3.1150419999903534e-3
"/Bench.Data.DeBruijn.Index/thick/[95,85]",4776,0,1856,1856,0,3.1265829984477023e-3
"/Bench.Data.DeBruijn.Index/thick/[95,90]",5056,0,1936,1936,0,3.177667000272777e-3
"/Bench.Data.DeBruijn.Index/thick/[95,95]",0,0,480,480,0,3.131125000436441e-3
"/Bench.Data.DeBruijn.Index/thick/[95,100]",5336,0,2016,2016,0,3.170874999341322e-3
"/Bench.Data.DeBruijn.Index/thick/[100,0]",16,0,496,496,0,3.1400000007124618e-3
"/Bench.Data.DeBruijn.Index/thick/[100,5]",296,0,576,576,0,3.122583000731538e-3
"/Bench.Data.DeBruijn.Index/thick/[100,10]",576,0,656,656,0,3.126458999759052e-3
"/Bench.Data.DeBruijn.Index/thick/[100,15]",856,0,736,736,0,3.126874998997664e-3
"/Bench.Data.DeBruijn.Index/thick/[100,20]",1136,0,816,816,0,3.2217920015682466e-3
"/Bench.Data.DeBruijn.Index/thick/[100,25]",1416,0,896,896,0,3.1696659989393083e-3
"/Bench.Data.DeBruijn.Index/thick/[100,30]",1696,0,976,976,0,3.1291670002246974e-3
"/Bench.Data.DeBruijn.Index/thick/[100,35]",1976,0,1056,1056,0,3.154459000143106e-3
"/Bench.Data.DeBruijn.Index/thick/[100,40]",2256,0,1136,1136,0,3.2268329996441025e-3
"/Bench.Data.DeBruijn.Index/thick/[100,45]",2536,0,1216,1216,0,3.2712499996705446e-3
"/Bench.Data.DeBruijn.Index/thick/[100,50]",2816,0,1296,1296,0,3.1266670011973474e-3
"/Bench.Data.DeBruijn.Index/thick/[100,55]",3096,0,1376,1376,0,3.199875000063912e-3
"/Bench.Data.DeBruijn.Index/thick/[100,60]",3376,0,1456,1456,0,3.413249998629908e-3
"/Bench.Data.DeBruijn.Index/thick/[100,65]",3656,0,1536,1536,0,3.8616660003754077e-3
"/Bench.Data.DeBruijn.Index/thick/[100,70]",3936,0,1616,1616,0,3.12537500030885e-3
"/Bench.Data.DeBruijn.Index/thick/[100,75]",4216,0,1696,1696,0,2.9857080007786863e-3
"/Bench.Data.DeBruijn.Index/thick/[100,80]",4496,0,1776,1776,0,3.144125001199427e-3
"/Bench.Data.DeBruijn.Index/thick/[100,85]",4776,0,1856,1856,0,3.1596669996361015e-3
"/Bench.Data.DeBruijn.Index/thick/[100,90]",5056,0,1936,1936,0,3.142874998957268e-3
"/Bench.Data.DeBruijn.Index/thick/[100,95]",5336,0,2016,2016,0,3.2204999988607597e-3
"/Bench.Data.DeBruijn.Index/thick/[100,100]",0,0,480,480,0,3.1578329999319976e-3
"/Bench.Data.DeBruijn.Index/thick/[1,1]",0,0,480,480,0,3.123458000118262e-3
"/Bench.Data.DeBruijn.Index/thick/[2,2]",0,0,480,480,0,3.1707500002085e-3
"/Bench.Data.DeBruijn.Index/thick/[3,3]",0,0,480,480,0,3.1486670013691764e-3
"/Bench.Data.DeBruijn.Index/thick/[4,4]",0,0,480,480,0,3.1455419994017575e-3
"/Bench.Data.DeBruijn.Index/thick/[6,6]",0,0,480,480,0,3.1757919987285277e-3
"/Bench.Data.DeBruijn.Index/thick/[7,7]",0,0,480,480,0,3.1472090013267007e-3
"/Bench.Data.DeBruijn.Index/thick/[8,8]",0,0,480,480,0,3.161291000651545e-3
"/Bench.Data.DeBruijn.Index/thick/[9,9]",0,0,480,480,0,3.2583329993940424e-3
"/Bench.Data.DeBruijn.Index/thick/[11,11]",0,0,480,480,0,3.1860830004006857e-3
"/Bench.Data.DeBruijn.Index/thick/[12,12]",0,0,480,480,0,3.2175840005947975e-3
"/Bench.Data.DeBruijn.Index/thick/[13,13]",0,0,480,480,0,3.1572500010952353e-3
"/Bench.Data.DeBruijn.Index/thick/[14,14]",0,0,480,480,0,3.1672080003772862e-3
"/Bench.Data.DeBruijn.Index/thick/[16,16]",0,0,480,480,0,3.176334001182113e-3
"/Bench.Data.DeBruijn.Index/thick/[17,17]",0,0,480,480,0,3.2108750001498265e-3
"/Bench.Data.DeBruijn.Index/thick/[18,18]",0,0,480,480,0,3.153540999846882e-3
"/Bench.Data.DeBruijn.Index/thick/[19,19]",0,0,480,480,0,3.1209579992719227e-3
"/Bench.Data.DeBruijn.Index/thick/[21,21]",0,0,480,480,0,3.1530409996776143e-3
"/Bench.Data.DeBruijn.Index/thick/[22,22]",0,0,480,480,0,3.169083000102546e-3
"/Bench.Data.DeBruijn.Index/thick/[23,23]",0,0,480,480,0,3.1959160005499143e-3
"/Bench.Data.DeBruijn.Index/thick/[24,24]",0,0,480,480,0,3.2102080003824085e-3
"/Bench.Data.DeBruijn.Index/thick/[26,26]",0,0,480,480,0,3.1745830001455033e-3
"/Bench.Data.DeBruijn.Index/thick/[27,27]",0,0,480,480,0,3.1692919983470347e-3
"/Bench.Data.DeBruijn.Index/thick/[28,28]",0,0,480,480,0,3.190417000951129e-3
"/Bench.Data.DeBruijn.Index/thick/[29,29]",0,0,480,480,0,3.1962909997673705e-3
"/Bench.Data.DeBruijn.Index/thick/[31,31]",0,0,480,480,0,3.212875000826898e-3
"/Bench.Data.DeBruijn.Index/thick/[32,32]",0,0,480,480,0,3.439959000388626e-3
"/Bench.Data.DeBruijn.Index/thick/[33,33]",0,0,480,480,0,9.4862079986342e-3
"/Bench.Data.DeBruijn.Index/thick/[34,34]",0,0,480,480,0,3.1627089992980473e-3
"/Bench.Data.DeBruijn.Index/thick/[36,36]",0,0,480,480,0,3.1970000000001164e-3
"/Bench.Data.DeBruijn.Index/thick/[37,37]",0,0,480,480,0,3.2264170004054904e-3
"/Bench.Data.DeBruijn.Index/thick/[38,38]",0,0,480,480,0,3.1969579995347885e-3
"/Bench.Data.DeBruijn.Index/thick/[39,39]",0,0,480,480,0,3.222584000468487e-3
"/Bench.Data.DeBruijn.Index/thick/[41,41]",0,0,480,480,0,3.1951250002748566e-3
"/Bench.Data.DeBruijn.Index/thick/[42,42]",0,0,480,480,0,3.168582999933278e-3
"/Bench.Data.DeBruijn.Index/thick/[43,43]",0,0,480,480,0,3.191791000062949e-3
"/Bench.Data.DeBruijn.Index/thick/[44,44]",0,0,480,480,0,3.2503329985047458e-3
"/Bench.Data.DeBruijn.Index/thick/[46,46]",0,0,480,480,0,3.191499999957159e-3
"/Bench.Data.DeBruijn.Index/thick/[47,47]",0,0,480,480,0,3.3513750004203757e-3
"/Bench.Data.DeBruijn.Index/thick/[48,48]",0,0,480,480,0,3.207583000403247e-3
"/Bench.Data.DeBruijn.Index/thick/[49,49]",0,0,480,480,0,3.2150419992831303e-3
"/Bench.Data.DeBruijn.Index/thick/[51,51]",0,0,480,480,0,3.2074169994302792e-3
"/Bench.Data.DeBruijn.Index/thick/[52,52]",0,0,480,480,0,3.193165999618941e-3
"/Bench.Data.DeBruijn.Index/thick/[53,53]",0,0,480,480,0,3.2334999996237457e-3
"/Bench.Data.DeBruijn.Index/thick/[54,54]",0,0,480,480,0,3.285457998572383e-3
"/Bench.Data.DeBruijn.Index/thick/[56,56]",0,0,480,480,0,3.193874999851687e-3
"/Bench.Data.DeBruijn.Index/thick/[57,57]",0,0,480,480,0,3.2013329982873984e-3
"/Bench.Data.DeBruijn.Index/thick/[58,58]",0,0,480,480,0,3.190875000655069e-3
"/Bench.Data.DeBruijn.Index/thick/[59,59]",0,0,480,480,0,3.174750001562643e-3
"/Bench.Data.DeBruijn.Index/thick/[61,61]",0,0,480,480,0,3.2260000007227063e-3
"/Bench.Data.DeBruijn.Index/thick/[62,62]",0,0,480,480,0,3.289500000391854e-3
"/Bench.Data.DeBruijn.Index/thick/[63,63]",0,0,480,480,0,3.2673750010872027e-3
"/Bench.Data.DeBruijn.Index/thick/[64,64]",0,0,480,480,0,3.2224169990513474e-3
"/Bench.Data.DeBruijn.Index/thick/[66,66]",0,0,480,480,0,3.212875000826898e-3
"/Bench.Data.DeBruijn.Index/thick/[67,67]",0,0,480,480,0,3.230832999179256e-3
"/Bench.Data.DeBruijn.Index/thick/[68,68]",0,0,480,480,0,3.258667000409332e-3
"/Bench.Data.DeBruijn.Index/thick/[69,69]",0,0,480,480,0,3.3074580005632015e-3
"/Bench.Data.DeBruijn.Index/thick/[71,71]",0,0,480,480,0,3.221834000214585e-3
"/Bench.Data.DeBruijn.Index/thick/[72,72]",0,0,480,480,0,3.2025830005295575e-3
"/Bench.Data.DeBruijn.Index/thick/[73,73]",0,0,480,480,0,3.2184589999815216e-3
"/Bench.Data.DeBruijn.Index/thick/[74,74]",0,0,480,480,0,3.213709000192466e-3
"/Bench.Data.DeBruijn.Index/thick/[76,76]",0,0,480,480,0,3.2215830015047686e-3
"/Bench.Data.DeBruijn.Index/thick/[77,77]",0,0,480,480,0,3.221375000066473e-3
"/Bench.Data.DeBruijn.Index/thick/[78,78]",0,0,480,480,0,3.3356250005454058e-3
"/Bench.Data.DeBruijn.Index/thick/[79,79]",0,0,480,480,0,3.236291000575875e-3
"/Bench.Data.DeBruijn.Index/thick/[81,81]",0,0,480,480,0,3.208832999007427e-3
"/Bench.Data.DeBruijn.Index/thick/[82,82]",0,0,480,480,0,3.2129169994732365e-3
"/Bench.Data.DeBruijn.Index/thick/[83,83]",0,0,480,480,0,3.2485419997101417e-3
"/Bench.Data.DeBruijn.Index/thick/[84,84]",0,0,480,480,0,3.219333000743063e-3
"/Bench.Data.DeBruijn.Index/thick/[86,86]",0,0,480,480,0,3.219333000743063e-3
"/Bench.Data.DeBruijn.Index/thick/[87,87]",0,0,480,480,0,3.2191669997700956e-3
"/Bench.Data.DeBruijn.Index/thick/[88,88]",0,0,480,480,0,3.221584000129951e-3
"/Bench.Data.DeBruijn.Index/thick/[89,89]",0,0,480,480,0,3.2711250005377224e-3
"/Bench.Data.DeBruijn.Index/thick/[91,91]",0,0,480,480,0,3.2398340008512605e-3
"/Bench.Data.DeBruijn.Index/thick/[92,92]",0,0,480,480,0,3.318917000797228e-3
"/Bench.Data.DeBruijn.Index/thick/[93,93]",0,0,480,480,0,3.260749999753898e-3
"/Bench.Data.DeBruijn.Index/thick/[94,94]",0,0,480,480,0,3.2732079998822883e-3
"/Bench.Data.DeBruijn.Index/thick/[96,96]",0,0,480,480,0,3.2325829997716937e-3
"/Bench.Data.DeBruijn.Index/thick/[97,97]",0,0,480,480,0,3.2811669989314396e-3
"/Bench.Data.DeBruijn.Index/thick/[98,98]",0,0,480,480,0,3.235541000321973e-3
"/Bench.Data.DeBruijn.Index/thick/[99,99]",0,0,480,480,0,3.2449170012114337e-3
